date,model,measure,value
01-Apr-1947,uc_2m,mcse,0.0129640648562783
01-Jul-1947,uc_2m,mcse,0.0129627732568172
01-Oct-1947,uc_2m,mcse,0.0123863071401867
01-Jan-1948,uc_2m,mcse,0.0120849169506407
01-Apr-1948,uc_2m,mcse,0.0121359804986806
01-Jul-1948,uc_2m,mcse,0.011486555981745
01-Oct-1948,uc_2m,mcse,0.0112090711348491
01-Jan-1949,uc_2m,mcse,0.0142318683524452
01-Apr-1949,uc_2m,mcse,0.0170095916678133
01-Jul-1949,uc_2m,mcse,0.0174863759796237
01-Oct-1949,uc_2m,mcse,0.0237890941415684
01-Jan-1950,uc_2m,mcse,0.0171878432172017
01-Apr-1950,uc_2m,mcse,0.0147464521830093
01-Jul-1950,uc_2m,mcse,0.0118202355585376
01-Oct-1950,uc_2m,mcse,0.0114294949774707
01-Jan-1951,uc_2m,mcse,0.0111482908757458
01-Apr-1951,uc_2m,mcse,0.0111874676056428
01-Jul-1951,uc_2m,mcse,0.0122244255344578
01-Oct-1951,uc_2m,mcse,0.0106382174028712
01-Jan-1952,uc_2m,mcse,0.0106774745639041
01-Apr-1952,uc_2m,mcse,0.00940057157404716
01-Jul-1952,uc_2m,mcse,0.00884882261007936
01-Oct-1952,uc_2m,mcse,0.0134742331494912
01-Jan-1953,uc_2m,mcse,0.0153836545536561
01-Apr-1953,uc_2m,mcse,0.0153472135771323
01-Jul-1953,uc_2m,mcse,0.0119073976007082
01-Oct-1953,uc_2m,mcse,0.00692410337357445
01-Jan-1954,uc_2m,mcse,0.00565332204680141
01-Apr-1954,uc_2m,mcse,0.00574386039411733
01-Jul-1954,uc_2m,mcse,0.00552816172994151
01-Oct-1954,uc_2m,mcse,0.00549818880170574
01-Jan-1955,uc_2m,mcse,0.00868408393369396
01-Apr-1955,uc_2m,mcse,0.0101259963372393
01-Jul-1955,uc_2m,mcse,0.0115956985267136
01-Oct-1955,uc_2m,mcse,0.0113421339257462
01-Jan-1956,uc_2m,mcse,0.0088205492431894
01-Apr-1956,uc_2m,mcse,0.00965300790861362
01-Jul-1956,uc_2m,mcse,0.00777568787852552
01-Oct-1956,uc_2m,mcse,0.010102850274509
01-Jan-1957,uc_2m,mcse,0.0097493847158543
01-Apr-1957,uc_2m,mcse,0.00808890533869122
01-Jul-1957,uc_2m,mcse,0.00881485641498648
01-Oct-1957,uc_2m,mcse,0.0070918450766112
01-Jan-1958,uc_2m,mcse,0.0129770911643502
01-Apr-1958,uc_2m,mcse,0.0127544885060653
01-Jul-1958,uc_2m,mcse,0.00931944991990887
01-Oct-1958,uc_2m,mcse,0.00651151242743256
01-Jan-1959,uc_2m,mcse,0.00492602764022685
01-Apr-1959,uc_2m,mcse,0.00425749916052871
01-Jul-1959,uc_2m,mcse,0.00460934487684925
01-Oct-1959,uc_2m,mcse,0.00549129979265163
01-Jan-1960,uc_2m,mcse,0.00400395401894958
01-Apr-1960,uc_2m,mcse,0.00599489574666413
01-Jul-1960,uc_2m,mcse,0.00676155378560823
01-Oct-1960,uc_2m,mcse,0.0133050197118489
01-Jan-1961,uc_2m,mcse,0.014082910648616
01-Apr-1961,uc_2m,mcse,0.01284019677858
01-Jul-1961,uc_2m,mcse,0.011256204919423
01-Oct-1961,uc_2m,mcse,0.00975497678329022
01-Jan-1962,uc_2m,mcse,0.00858774422110539
01-Apr-1962,uc_2m,mcse,0.00961673278305489
01-Jul-1962,uc_2m,mcse,0.00952074886824279
01-Oct-1962,uc_2m,mcse,0.0118166941751476
01-Jan-1963,uc_2m,mcse,0.0120928696058276
01-Apr-1963,uc_2m,mcse,0.0126283885898355
01-Jul-1963,uc_2m,mcse,0.0107554766809896
01-Oct-1963,uc_2m,mcse,0.0125127110238325
01-Jan-1964,uc_2m,mcse,0.0109968097242716
01-Apr-1964,uc_2m,mcse,0.011495172949174
01-Jul-1964,uc_2m,mcse,0.0110452785576734
01-Oct-1964,uc_2m,mcse,0.0125474421994231
01-Jan-1965,uc_2m,mcse,0.0109312962190387
01-Apr-1965,uc_2m,mcse,0.0110385835619273
01-Jul-1965,uc_2m,mcse,0.010557571953374
01-Oct-1965,uc_2m,mcse,0.010945859958987
01-Jan-1966,uc_2m,mcse,0.0127470009657825
01-Apr-1966,uc_2m,mcse,0.0108966321837317
01-Jul-1966,uc_2m,mcse,0.0106572514705191
01-Oct-1966,uc_2m,mcse,0.010203238114301
01-Jan-1967,uc_2m,mcse,0.0101007665549353
01-Apr-1967,uc_2m,mcse,0.0081383260277435
01-Jul-1967,uc_2m,mcse,0.00822285741204966
01-Oct-1967,uc_2m,mcse,0.00766959183376838
01-Jan-1968,uc_2m,mcse,0.0101440245360532
01-Apr-1968,uc_2m,mcse,0.0117931379635987
01-Jul-1968,uc_2m,mcse,0.0114276646876677
01-Oct-1968,uc_2m,mcse,0.010314417334041
01-Jan-1969,uc_2m,mcse,0.012795774147675
01-Apr-1969,uc_2m,mcse,0.0112070069231956
01-Jul-1969,uc_2m,mcse,0.0113279563822633
01-Oct-1969,uc_2m,mcse,0.00782049823291853
01-Jan-1970,uc_2m,mcse,0.00571973214947341
01-Apr-1970,uc_2m,mcse,0.00436250278768943
01-Jul-1970,uc_2m,mcse,0.00468388417974586
01-Oct-1970,uc_2m,mcse,0.00487515432114749
01-Jan-1971,uc_2m,mcse,0.00440979801174139
01-Apr-1971,uc_2m,mcse,0.00365209705469021
01-Jul-1971,uc_2m,mcse,0.00375261812745691
01-Oct-1971,uc_2m,mcse,0.00406111137638426
01-Jan-1972,uc_2m,mcse,0.00392330244640443
01-Apr-1972,uc_2m,mcse,0.00629599595136506
01-Jul-1972,uc_2m,mcse,0.00616615492916194
01-Oct-1972,uc_2m,mcse,0.00851082918834002
01-Jan-1973,uc_2m,mcse,0.0134083917369459
01-Apr-1973,uc_2m,mcse,0.0145197409436783
01-Jul-1973,uc_2m,mcse,0.0116314020484172
01-Oct-1973,uc_2m,mcse,0.0134239702799178
01-Jan-1974,uc_2m,mcse,0.00995897909179514
01-Apr-1974,uc_2m,mcse,0.00991312120914922
01-Jul-1974,uc_2m,mcse,0.00790249257231215
01-Oct-1974,uc_2m,mcse,0.0077907736529979
01-Jan-1975,uc_2m,mcse,0.0107557573824543
01-Apr-1975,uc_2m,mcse,0.0106414917359594
01-Jul-1975,uc_2m,mcse,0.00873416258160049
01-Oct-1975,uc_2m,mcse,0.00811284020395636
01-Jan-1976,uc_2m,mcse,0.00552474396752292
01-Apr-1976,uc_2m,mcse,0.00581486830936422
01-Jul-1976,uc_2m,mcse,0.00626372157072433
01-Oct-1976,uc_2m,mcse,0.00639993742185418
01-Jan-1977,uc_2m,mcse,0.00571514994289295
01-Apr-1977,uc_2m,mcse,0.00408951131046983
01-Jul-1977,uc_2m,mcse,0.00443699205339542
01-Oct-1977,uc_2m,mcse,0.00430751527564006
01-Jan-1978,uc_2m,mcse,0.00467659875863149
01-Apr-1978,uc_2m,mcse,0.00878912168875152
01-Jul-1978,uc_2m,mcse,0.00901414033339883
01-Oct-1978,uc_2m,mcse,0.0113563006915281
01-Jan-1979,uc_2m,mcse,0.0105380426691911
01-Apr-1979,uc_2m,mcse,0.00999611536227929
01-Jul-1979,uc_2m,mcse,0.0111503065969651
01-Oct-1979,uc_2m,mcse,0.0108848841244339
01-Jan-1980,uc_2m,mcse,0.0109131918757111
01-Apr-1980,uc_2m,mcse,0.00752945331095872
01-Jul-1980,uc_2m,mcse,0.00749185176206578
01-Oct-1980,uc_2m,mcse,0.00756788303051383
01-Jan-1981,uc_2m,mcse,0.00929372524735083
01-Apr-1981,uc_2m,mcse,0.00755230371185027
01-Jul-1981,uc_2m,mcse,0.00816568316504729
01-Oct-1981,uc_2m,mcse,0.00787173703439507
01-Jan-1982,uc_2m,mcse,0.0115747502696943
01-Apr-1982,uc_2m,mcse,0.0117116418106629
01-Jul-1982,uc_2m,mcse,0.0153536891570568
01-Oct-1982,uc_2m,mcse,0.0179195030075581
01-Jan-1983,uc_2m,mcse,0.0172239753244829
01-Apr-1983,uc_2m,mcse,0.0141174545460411
01-Jul-1983,uc_2m,mcse,0.0118589951314883
01-Oct-1983,uc_2m,mcse,0.009190493360979
01-Jan-1984,uc_2m,mcse,0.00686473219042882
01-Apr-1984,uc_2m,mcse,0.00503638642130831
01-Jul-1984,uc_2m,mcse,0.00504930628320931
01-Oct-1984,uc_2m,mcse,0.00503689396663172
01-Jan-1985,uc_2m,mcse,0.00484052421293481
01-Apr-1985,uc_2m,mcse,0.00490211771331106
01-Jul-1985,uc_2m,mcse,0.0039320749813586
01-Oct-1985,uc_2m,mcse,0.00404010132395847
01-Jan-1986,uc_2m,mcse,0.00389239706958236
01-Apr-1986,uc_2m,mcse,0.0040530143094711
01-Jul-1986,uc_2m,mcse,0.00406038607287649
01-Oct-1986,uc_2m,mcse,0.00424982650264355
01-Jan-1987,uc_2m,mcse,0.00424158257475659
01-Apr-1987,uc_2m,mcse,0.00391023178285939
01-Jul-1987,uc_2m,mcse,0.00378200776426505
01-Oct-1987,uc_2m,mcse,0.00431508642589123
01-Jan-1988,uc_2m,mcse,0.00369144630688024
01-Apr-1988,uc_2m,mcse,0.00459891538970646
01-Jul-1988,uc_2m,mcse,0.00413915510718663
01-Oct-1988,uc_2m,mcse,0.00578303676200086
01-Jan-1989,uc_2m,mcse,0.00658228557326587
01-Apr-1989,uc_2m,mcse,0.00690306802977286
01-Jul-1989,uc_2m,mcse,0.00734103215142392
01-Oct-1989,uc_2m,mcse,0.00622119492028427
01-Jan-1990,uc_2m,mcse,0.0081272147138303
01-Apr-1990,uc_2m,mcse,0.00745542253728989
01-Jul-1990,uc_2m,mcse,0.00632380504763844
01-Oct-1990,uc_2m,mcse,0.00331686265297854
01-Jan-1991,uc_2m,mcse,0.00362691362328677
01-Apr-1991,uc_2m,mcse,0.0033747572911436
01-Jul-1991,uc_2m,mcse,0.00375436807293157
01-Oct-1991,uc_2m,mcse,0.00481690452989317
01-Jan-1992,uc_2m,mcse,0.00387593587285741
01-Apr-1992,uc_2m,mcse,0.00354961457266252
01-Jul-1992,uc_2m,mcse,0.00339540675801302
01-Oct-1992,uc_2m,mcse,0.00312877537093674
01-Jan-1993,uc_2m,mcse,0.00473201637428369
01-Apr-1993,uc_2m,mcse,0.00540238461182849
01-Jul-1993,uc_2m,mcse,0.00654384731018008
01-Oct-1993,uc_2m,mcse,0.00545692608278942
01-Jan-1994,uc_2m,mcse,0.00567426345268409
01-Apr-1994,uc_2m,mcse,0.00506454514044557
01-Jul-1994,uc_2m,mcse,0.00592033158087873
01-Oct-1994,uc_2m,mcse,0.00553197644839514
01-Jan-1995,uc_2m,mcse,0.00641159316930968
01-Apr-1995,uc_2m,mcse,0.00776394975940695
01-Jul-1995,uc_2m,mcse,0.00792262008996571
01-Oct-1995,uc_2m,mcse,0.00873622990212911
01-Jan-1996,uc_2m,mcse,0.00938282633753716
01-Apr-1996,uc_2m,mcse,0.00829902564937003
01-Jul-1996,uc_2m,mcse,0.008709283616113
01-Oct-1996,uc_2m,mcse,0.00871344275762477
01-Jan-1997,uc_2m,mcse,0.00941109322270668
01-Apr-1997,uc_2m,mcse,0.00846252751723433
01-Jul-1997,uc_2m,mcse,0.00825791317126945
01-Oct-1997,uc_2m,mcse,0.0083859395494212
01-Jan-1998,uc_2m,mcse,0.0082862558584379
01-Apr-1998,uc_2m,mcse,0.00836036309182192
01-Jul-1998,uc_2m,mcse,0.00825954800371943
01-Oct-1998,uc_2m,mcse,0.0083650117601723
01-Jan-1999,uc_2m,mcse,0.00798144275524436
01-Apr-1999,uc_2m,mcse,0.00781451658941716
01-Jul-1999,uc_2m,mcse,0.0083165009990992
01-Oct-1999,uc_2m,mcse,0.00965172848174671
01-Jan-2000,uc_2m,mcse,0.00848178390039999
01-Apr-2000,uc_2m,mcse,0.0112078053703455
01-Jul-2000,uc_2m,mcse,0.00928091514502325
01-Oct-2000,uc_2m,mcse,0.00949575915235994
01-Jan-2001,uc_2m,mcse,0.00693197253629721
01-Apr-2001,uc_2m,mcse,0.007162696434414
01-Jul-2001,uc_2m,mcse,0.00439249356706872
01-Oct-2001,uc_2m,mcse,0.00386425026755029
01-Jan-2002,uc_2m,mcse,0.00404274089359397
01-Apr-2002,uc_2m,mcse,0.00379925372470106
01-Jul-2002,uc_2m,mcse,0.00333922283803448
01-Oct-2002,uc_2m,mcse,0.00320313335970782
01-Jan-2003,uc_2m,mcse,0.00364331019069403
01-Apr-2003,uc_2m,mcse,0.00371253396889574
01-Jul-2003,uc_2m,mcse,0.00414304069684607
01-Oct-2003,uc_2m,mcse,0.00484071259343674
01-Jan-2004,uc_2m,mcse,0.00467894345173382
01-Apr-2004,uc_2m,mcse,0.00495472897348788
01-Jul-2004,uc_2m,mcse,0.00560239504559747
01-Oct-2004,uc_2m,mcse,0.00660794815237899
01-Jan-2005,uc_2m,mcse,0.00783531748713454
01-Apr-2005,uc_2m,mcse,0.00766194231413426
01-Jul-2005,uc_2m,mcse,0.00860921751231587
01-Oct-2005,uc_2m,mcse,0.00888721432925486
01-Jan-2006,uc_2m,mcse,0.0116303977390292
01-Apr-2006,uc_2m,mcse,0.0112622829214052
01-Jul-2006,uc_2m,mcse,0.0110607388329113
01-Oct-2006,uc_2m,mcse,0.0126684624202507
01-Jan-2007,uc_2m,mcse,0.0127083661023988
01-Apr-2007,uc_2m,mcse,0.0138474366180139
01-Jul-2007,uc_2m,mcse,0.0148437952777326
01-Oct-2007,uc_2m,mcse,0.0160733630244988
01-Jan-2008,uc_2m,mcse,0.0147988398079951
01-Apr-2008,uc_2m,mcse,0.016335902198991
01-Jul-2008,uc_2m,mcse,0.0151179687325082
01-Oct-2008,uc_2m,mcse,0.0121887372862847
01-Jan-2009,uc_2m,mcse,0.0121197507315262
01-Apr-2009,uc_2m,mcse,0.012254803638717
01-Jul-2009,uc_2m,mcse,0.0120272205652888
01-Oct-2009,uc_2m,mcse,0.0111012528112704
01-Jan-2010,uc_2m,mcse,0.0110174055668696
01-Apr-2010,uc_2m,mcse,0.0102571463427148
01-Jul-2010,uc_2m,mcse,0.00986048720732698
01-Oct-2010,uc_2m,mcse,0.00970619107755025
01-Jan-2011,uc_2m,mcse,0.0103943624609068
01-Apr-2011,uc_2m,mcse,0.00979092275241676
01-Jul-2011,uc_2m,mcse,0.0104746496996491
01-Oct-2011,uc_2m,mcse,0.00899039243956656
01-Jan-2012,uc_2m,mcse,0.00841002653242501
01-Apr-2012,uc_2m,mcse,0.00821075046484075
01-Jul-2012,uc_2m,mcse,0.00871668255156426
01-Oct-2012,uc_2m,mcse,0.00934214857306723
01-Jan-2013,uc_2m,mcse,0.00806192418568623
01-Apr-2013,uc_2m,mcse,0.00870977937336389
01-Jul-2013,uc_2m,mcse,0.00755117464846093
01-Oct-2013,uc_2m,mcse,0.00661369899072313
01-Jan-2014,uc_2m,mcse,0.00915732111505497
01-Apr-2014,uc_2m,mcse,0.00686637318142191
01-Jul-2014,uc_2m,mcse,0.00553917293779444
01-Oct-2014,uc_2m,mcse,0.00582037468376955
01-Jan-2015,uc_2m,mcse,0.00487054481090612
01-Apr-2015,uc_2m,mcse,0.0047319076975902
01-Jul-2015,uc_2m,mcse,0.00490672222147334
01-Oct-2015,uc_2m,mcse,0.00566557161373201
01-Jan-2016,uc_2m,mcse,0.0054725087971297
01-Apr-2016,uc_2m,mcse,0.00614488061695629
01-Jul-2016,uc_2m,mcse,0.00564843776328917
01-Oct-2016,uc_2m,mcse,0.00566196478215532
01-Jan-2017,uc_2m,mcse,0.00582132761067803
01-Apr-2017,uc_2m,mcse,0.00571531970796621
01-Jul-2017,uc_2m,mcse,0.00519140198265774
01-Oct-2017,uc_2m,mcse,0.00409398503764997
01-Jan-2018,uc_2m,mcse,0.00393618516760087
01-Apr-2018,uc_2m,mcse,0.00396955349207115
01-Jul-2018,uc_2m,mcse,0.00387286728665469
01-Oct-2018,uc_2m,mcse,0.00428340447518238
01-Jan-2019,uc_2m,mcse,0.00418823927521734
01-Apr-2019,uc_2m,mcse,0.00406424047304383
01-Jul-2019,uc_2m,mcse,0.00466601153687556
01-Oct-2019,uc_2m,mcse,0.00506688952702276
01-Jan-2020,uc_2m,mcse,0.00530912848366462
01-Apr-2020,uc_2m,mcse,0.0306931473201836
01-Jul-2020,uc_2m,mcse,0.00818675477268408
01-Oct-2020,uc_2m,mcse,0.00987825529813959
01-Jan-2021,uc_2m,mcse,0.00856466805820896
01-Apr-2021,uc_2m,mcse,0.00675540780987601
01-Jul-2021,uc_2m,mcse,0.00678743299806671
01-Oct-2021,uc_2m,mcse,0.00578140365702518
01-Jan-2022,uc_2m,mcse,0.00634399102095065
01-Apr-2022,uc_2m,mcse,0.00678161118015401
01-Jul-2022,uc_2m,mcse,0.00663004557497301
01-Oct-2022,uc_2m,mcse,0.00681789443144015
01-Jan-2023,uc_2m,mcse,0.00673272462159908
01-Apr-2023,uc_2m,mcse,0.00672429395891689
01-Jul-2023,uc_2m,mcse,0.00619041074639253
01-Oct-2023,uc_2m,mcse,0.00607918104599173
01-Jan-2024,uc_2m,mcse,0.00611567461358652
01-Apr-2024,uc_2m,mcse,0.00594566983320202
01-Jul-2024,uc_2m,mcse,0.00585343504281251
01-Oct-2024,uc_2m,mcse,0.0056450337866526
01-Jan-2025,uc_2m,mcse,0.00576708125655885
01-Apr-2025,uc_2m,mcse,0.00559987971604449
01-Jul-2025,uc_2m,mcse,0.00562889152115852
01-Oct-2025,uc_2m,mcse,0.005417437476153
01-Jan-2026,uc_2m,mcse,0.00547881547785378
01-Apr-2026,uc_2m,mcse,0.00560048718533541
01-Apr-1947,uc_2m,mean,3.81450574438898
01-Jul-1947,uc_2m,mean,3.82384245051099
01-Oct-1947,uc_2m,mean,3.83049929105504
01-Jan-1948,uc_2m,mean,3.83323052777996
01-Apr-1948,uc_2m,mean,3.83195206443105
01-Jul-1948,uc_2m,mean,3.83135574682425
01-Oct-1948,uc_2m,mean,3.8363078730506
01-Jan-1949,uc_2m,mean,3.85609162388502
01-Apr-1949,uc_2m,mean,3.88634085007105
01-Jul-1949,uc_2m,mean,3.9186944986786
01-Oct-1949,uc_2m,mean,3.96315435982113
01-Jan-1950,uc_2m,mean,3.99278564368235
01-Apr-1950,uc_2m,mean,4.0105378463116
01-Jul-1950,uc_2m,mean,4.01089907931663
01-Oct-1950,uc_2m,mean,4.00343479529597
01-Jan-1951,uc_2m,mean,3.99384574123278
01-Apr-1951,uc_2m,mean,3.97977889136474
01-Jul-1951,uc_2m,mean,3.95979092838613
01-Oct-1951,uc_2m,mean,3.93995362852914
01-Jan-1952,uc_2m,mean,3.92000928004446
01-Apr-1952,uc_2m,mean,3.90485536087309
01-Jul-1952,uc_2m,mean,3.88980422772908
01-Oct-1952,uc_2m,mean,3.86330074118536
01-Jan-1953,uc_2m,mean,3.82814688906236
01-Apr-1953,uc_2m,mean,3.79213502517267
01-Jul-1953,uc_2m,mean,3.76316401328084
01-Oct-1953,uc_2m,mean,3.7489071407438
01-Jan-1954,uc_2m,mean,3.74375576487607
01-Apr-1954,uc_2m,mean,3.74493947660504
01-Jul-1954,uc_2m,mean,3.74533803366106
01-Oct-1954,uc_2m,mean,3.74036856674669
01-Jan-1955,uc_2m,mean,3.72499578144214
01-Apr-1955,uc_2m,mean,3.70409376263638
01-Jul-1955,uc_2m,mean,3.6794595806955
01-Oct-1955,uc_2m,mean,3.65438335321847
01-Jan-1956,uc_2m,mean,3.6379145963716
01-Apr-1956,uc_2m,mean,3.62270284109959
01-Jul-1956,uc_2m,mean,3.61277809454937
01-Oct-1956,uc_2m,mean,3.59951992646243
01-Jan-1957,uc_2m,mean,3.58752303287913
01-Apr-1957,uc_2m,mean,3.58051258794731
01-Jul-1957,uc_2m,mean,3.57556870370501
01-Oct-1957,uc_2m,mean,3.58026566895284
01-Jan-1958,uc_2m,mean,3.60591200277426
01-Apr-1958,uc_2m,mean,3.63713788248131
01-Jul-1958,uc_2m,mean,3.66341903161465
01-Oct-1958,uc_2m,mean,3.68010621153338
01-Jan-1959,uc_2m,mean,3.69091771557142
01-Apr-1959,uc_2m,mean,3.69527920060914
01-Jul-1959,uc_2m,mean,3.70280331088935
01-Oct-1959,uc_2m,mean,3.71432692671326
01-Jan-1960,uc_2m,mean,3.72019974571407
01-Apr-1960,uc_2m,mean,3.7336765480084
01-Jul-1960,uc_2m,mean,3.7512132728982
01-Oct-1960,uc_2m,mean,3.7809714917942
01-Jan-1961,uc_2m,mean,3.81580498672056
01-Apr-1961,uc_2m,mean,3.84751142714569
01-Jul-1961,uc_2m,mean,3.8732822467038
01-Oct-1961,uc_2m,mean,3.8936269059409
01-Jan-1962,uc_2m,mean,3.90949932085928
01-Apr-1962,uc_2m,mean,3.92649630777019
01-Jul-1962,uc_2m,mean,3.94173271544815
01-Oct-1962,uc_2m,mean,3.95937892867373
01-Jan-1963,uc_2m,mean,3.97990525659875
01-Apr-1963,uc_2m,mean,3.99884285838037
01-Jul-1963,uc_2m,mean,4.01081553901298
01-Oct-1963,uc_2m,mean,4.02565472211438
01-Jan-1964,uc_2m,mean,4.03399805184585
01-Apr-1964,uc_2m,mean,4.04022334089292
01-Jul-1964,uc_2m,mean,4.04316582528528
01-Oct-1964,uc_2m,mean,4.04746804573451
01-Jan-1965,uc_2m,mean,4.04669312505447
01-Apr-1965,uc_2m,mean,4.04287808325887
01-Jul-1965,uc_2m,mean,4.03171034780643
01-Oct-1965,uc_2m,mean,4.01249385944801
01-Jan-1966,uc_2m,mean,3.98267759811034
01-Apr-1966,uc_2m,mean,3.95416914697485
01-Jul-1966,uc_2m,mean,3.92712948103794
01-Oct-1966,uc_2m,mean,3.89945318191316
01-Jan-1967,uc_2m,mean,3.87137076239988
01-Apr-1967,uc_2m,mean,3.84795073341376
01-Jul-1967,uc_2m,mean,3.82533014950189
01-Oct-1967,uc_2m,mean,3.80222096172796
01-Jan-1968,uc_2m,mean,3.77237920308676
01-Apr-1968,uc_2m,mean,3.73716362709847
01-Jul-1968,uc_2m,mean,3.7023551168872
01-Oct-1968,uc_2m,mean,3.67025962651066
01-Jan-1969,uc_2m,mean,3.63366991804874
01-Apr-1969,uc_2m,mean,3.59773166377594
01-Jul-1969,uc_2m,mean,3.56318583608395
01-Oct-1969,uc_2m,mean,3.53668390227346
01-Jan-1970,uc_2m,mean,3.51755600154982
01-Apr-1970,uc_2m,mean,3.50273685358958
01-Jul-1970,uc_2m,mean,3.48678522462292
01-Oct-1970,uc_2m,mean,3.48178266293899
01-Jan-1971,uc_2m,mean,3.47038868924508
01-Apr-1971,uc_2m,mean,3.45747123889394
01-Jul-1971,uc_2m,mean,3.44644080332993
01-Oct-1971,uc_2m,mean,3.44028424510078
01-Jan-1972,uc_2m,mean,3.42980057476458
01-Apr-1972,uc_2m,mean,3.40905991836686
01-Jul-1972,uc_2m,mean,3.38742371400813
01-Oct-1972,uc_2m,mean,3.36071365735493
01-Jan-1973,uc_2m,mean,3.32366131398267
01-Apr-1973,uc_2m,mean,3.28425142127362
01-Jul-1973,uc_2m,mean,3.25153989371076
01-Oct-1973,uc_2m,mean,3.21907057620208
01-Jan-1974,uc_2m,mean,3.19311749898137
01-Apr-1974,uc_2m,mean,3.17171887534622
01-Jul-1974,uc_2m,mean,3.16033837905327
01-Oct-1974,uc_2m,mean,3.1582493376521
01-Jan-1975,uc_2m,mean,3.16804323743164
01-Apr-1975,uc_2m,mean,3.18177120700712
01-Jul-1975,uc_2m,mean,3.19052699753937
01-Oct-1975,uc_2m,mean,3.19497471174647
01-Jan-1976,uc_2m,mean,3.19376981945274
01-Apr-1976,uc_2m,mean,3.1913988369394
01-Jul-1976,uc_2m,mean,3.19246096578077
01-Oct-1976,uc_2m,mean,3.19385384593472
01-Jan-1977,uc_2m,mean,3.19254632424419
01-Apr-1977,uc_2m,mean,3.18618836252838
01-Jul-1977,uc_2m,mean,3.17334686104859
01-Oct-1977,uc_2m,mean,3.1642459141848
01-Jan-1978,uc_2m,mean,3.1589659353839
01-Apr-1978,uc_2m,mean,3.13680009069654
01-Jul-1978,uc_2m,mean,3.10965954122803
01-Oct-1978,uc_2m,mean,3.07863920050996
01-Jan-1979,uc_2m,mean,3.04958347245642
01-Apr-1979,uc_2m,mean,3.02535361645329
01-Jul-1979,uc_2m,mean,2.99972424312558
01-Oct-1979,uc_2m,mean,2.97760111351106
01-Jan-1980,uc_2m,mean,2.95721144954394
01-Apr-1980,uc_2m,mean,2.95264318731657
01-Jul-1980,uc_2m,mean,2.95623788129522
01-Oct-1980,uc_2m,mean,2.953874402882
01-Jan-1981,uc_2m,mean,2.94337453441812
01-Apr-1981,uc_2m,mean,2.94167666746013
01-Jul-1981,uc_2m,mean,2.93838566455082
01-Oct-1981,uc_2m,mean,2.944201398018
01-Jan-1982,uc_2m,mean,2.96523400027227
01-Apr-1982,uc_2m,mean,2.99052476181139
01-Jul-1982,uc_2m,mean,3.0227729142808
01-Oct-1982,uc_2m,mean,3.06241631982931
01-Jan-1983,uc_2m,mean,3.10053869480886
01-Apr-1983,uc_2m,mean,3.13210823015345
01-Jul-1983,uc_2m,mean,3.15617323781296
01-Oct-1983,uc_2m,mean,3.17428749829053
01-Jan-1984,uc_2m,mean,3.18469607386828
01-Apr-1984,uc_2m,mean,3.18910269280036
01-Jul-1984,uc_2m,mean,3.19185869721246
01-Oct-1984,uc_2m,mean,3.194640186713
01-Jan-1985,uc_2m,mean,3.19672844756047
01-Apr-1985,uc_2m,mean,3.19841696888451
01-Jul-1985,uc_2m,mean,3.19562903422712
01-Oct-1985,uc_2m,mean,3.19197795985209
01-Jan-1986,uc_2m,mean,3.18629809816463
01-Apr-1986,uc_2m,mean,3.18241815886982
01-Jul-1986,uc_2m,mean,3.17965123662034
01-Oct-1986,uc_2m,mean,3.17625882928669
01-Jan-1987,uc_2m,mean,3.17378376236674
01-Apr-1987,uc_2m,mean,3.16732670754886
01-Jul-1987,uc_2m,mean,3.16124339468601
01-Oct-1987,uc_2m,mean,3.15127608820718
01-Jan-1988,uc_2m,mean,3.14129209449485
01-Apr-1988,uc_2m,mean,3.12858296975326
01-Jul-1988,uc_2m,mean,3.11561831126309
01-Oct-1988,uc_2m,mean,3.09814760651987
01-Jan-1989,uc_2m,mean,3.07992077050743
01-Apr-1989,uc_2m,mean,3.06176462737721
01-Jul-1989,uc_2m,mean,3.04208747981846
01-Oct-1989,uc_2m,mean,3.02590216326888
01-Jan-1990,uc_2m,mean,3.00842423825344
01-Apr-1990,uc_2m,mean,2.99070123943058
01-Jul-1990,uc_2m,mean,2.97906535018968
01-Oct-1990,uc_2m,mean,2.97595254331268
01-Jan-1991,uc_2m,mean,2.98047936985789
01-Apr-1991,uc_2m,mean,2.9865338700278
01-Jul-1991,uc_2m,mean,2.99311187600554
01-Oct-1991,uc_2m,mean,3.00386109656562
01-Jan-1992,uc_2m,mean,3.01262923020937
01-Apr-1992,uc_2m,mean,3.01920006349014
01-Jul-1992,uc_2m,mean,3.02396023169258
01-Oct-1992,uc_2m,mean,3.02975919216596
01-Jan-1993,uc_2m,mean,3.03760686352827
01-Apr-1993,uc_2m,mean,3.0474269045596
01-Jul-1993,uc_2m,mean,3.05748469273065
01-Oct-1993,uc_2m,mean,3.06586074963141
01-Jan-1994,uc_2m,mean,3.07129861036531
01-Apr-1994,uc_2m,mean,3.07572284170473
01-Jul-1994,uc_2m,mean,3.08028819971117
01-Oct-1994,uc_2m,mean,3.08233619501528
01-Jan-1995,uc_2m,mean,3.08719183006631
01-Apr-1995,uc_2m,mean,3.09582818409651
01-Jul-1995,uc_2m,mean,3.10350862969886
01-Oct-1995,uc_2m,mean,3.11190951434074
01-Jan-1996,uc_2m,mean,3.12222169457938
01-Apr-1996,uc_2m,mean,3.12726821245184
01-Jul-1996,uc_2m,mean,3.13095698726644
01-Oct-1996,uc_2m,mean,3.13271513852588
01-Jan-1997,uc_2m,mean,3.13755244428801
01-Apr-1997,uc_2m,mean,3.13488339475563
01-Jul-1997,uc_2m,mean,3.12971321533954
01-Oct-1997,uc_2m,mean,3.12317952448293
01-Jan-1998,uc_2m,mean,3.115894459747
01-Apr-1998,uc_2m,mean,3.10699253917411
01-Jul-1998,uc_2m,mean,3.09584751410231
01-Oct-1998,uc_2m,mean,3.07855261326284
01-Jan-1999,uc_2m,mean,3.05742194923878
01-Apr-1999,uc_2m,mean,3.03732605477499
01-Jul-1999,uc_2m,mean,3.01465476693799
01-Oct-1999,uc_2m,mean,2.98536072468616
01-Jan-2000,uc_2m,mean,2.95590468635358
01-Apr-2000,uc_2m,mean,2.91984782237589
01-Jul-2000,uc_2m,mean,2.88437357303715
01-Oct-2000,uc_2m,mean,2.8518195123714
01-Jan-2001,uc_2m,mean,2.82204997496282
01-Apr-2001,uc_2m,mean,2.79317870460719
01-Jul-2001,uc_2m,mean,2.77084149892554
01-Oct-2001,uc_2m,mean,2.75257461310093
01-Jan-2002,uc_2m,mean,2.73197789406023
01-Apr-2002,uc_2m,mean,2.71203643216498
01-Jul-2002,uc_2m,mean,2.69460911023846
01-Oct-2002,uc_2m,mean,2.67878479034056
01-Jan-2003,uc_2m,mean,2.6647313342464
01-Apr-2003,uc_2m,mean,2.65018638493924
01-Jul-2003,uc_2m,mean,2.62959059512977
01-Oct-2003,uc_2m,mean,2.60565089483095
01-Jan-2004,uc_2m,mean,2.58166017436817
01-Apr-2004,uc_2m,mean,2.55779074919476
01-Jul-2004,uc_2m,mean,2.52954357420516
01-Oct-2004,uc_2m,mean,2.50030724694065
01-Jan-2005,uc_2m,mean,2.46706115839087
01-Apr-2005,uc_2m,mean,2.43457773520499
01-Jul-2005,uc_2m,mean,2.39954266085568
01-Oct-2005,uc_2m,mean,2.36512571221768
01-Jan-2006,uc_2m,mean,2.3275431448696
01-Apr-2006,uc_2m,mean,2.2893335478296
01-Jul-2006,uc_2m,mean,2.25385117114362
01-Oct-2006,uc_2m,mean,2.21637157860317
01-Jan-2007,uc_2m,mean,2.1778796476631
01-Apr-2007,uc_2m,mean,2.13916693577026
01-Jul-2007,uc_2m,mean,2.09975429267159
01-Oct-2007,uc_2m,mean,2.05896315725575
01-Jan-2008,uc_2m,mean,2.02380055555595
01-Apr-2008,uc_2m,mean,1.98777279534393
01-Jul-2008,uc_2m,mean,1.95740474531015
01-Oct-2008,uc_2m,mean,1.94255190423023
01-Jan-2009,uc_2m,mean,1.94036064186642
01-Apr-2009,uc_2m,mean,1.94279738044154
01-Jul-2009,uc_2m,mean,1.94840562429098
01-Oct-2009,uc_2m,mean,1.9521337956145
01-Jan-2010,uc_2m,mean,1.95599227446294
01-Apr-2010,uc_2m,mean,1.95885843851765
01-Jul-2010,uc_2m,mean,1.95970519241777
01-Oct-2010,uc_2m,mean,1.96166175236423
01-Jan-2011,uc_2m,mean,1.96624438057937
01-Apr-2011,uc_2m,mean,1.97230379364855
01-Jul-2011,uc_2m,mean,1.98113731034779
01-Oct-2011,uc_2m,mean,1.98852413039047
01-Jan-2012,uc_2m,mean,1.99358862419733
01-Apr-2012,uc_2m,mean,1.99933308547019
01-Jul-2012,uc_2m,mean,2.00810900971363
01-Oct-2012,uc_2m,mean,2.01991910424133
01-Jan-2013,uc_2m,mean,2.0288307697385
01-Apr-2013,uc_2m,mean,2.04007768367553
01-Jul-2013,uc_2m,mean,2.05004068259165
01-Oct-2013,uc_2m,mean,2.05859204104711
01-Jan-2014,uc_2m,mean,2.07157203390092
01-Apr-2014,uc_2m,mean,2.08116577335273
01-Jul-2014,uc_2m,mean,2.08618452334219
01-Oct-2014,uc_2m,mean,2.09187781528977
01-Jan-2015,uc_2m,mean,2.09684471011699
01-Apr-2015,uc_2m,mean,2.09916065943122
01-Jul-2015,uc_2m,mean,2.10366371951864
01-Oct-2015,uc_2m,mean,2.10964330712284
01-Jan-2016,uc_2m,mean,2.11614797944694
01-Apr-2016,uc_2m,mean,2.12303234896321
01-Jul-2016,uc_2m,mean,2.13015080183344
01-Oct-2016,uc_2m,mean,2.13803746556058
01-Jan-2017,uc_2m,mean,2.14429939318672
01-Apr-2017,uc_2m,mean,2.15140106182412
01-Jul-2017,uc_2m,mean,2.15766828186474
01-Oct-2017,uc_2m,mean,2.16079959497417
01-Jan-2018,uc_2m,mean,2.16236183225918
01-Apr-2018,uc_2m,mean,2.16337608852954
01-Jul-2018,uc_2m,mean,2.16305405851252
01-Oct-2018,uc_2m,mean,2.1663143807437
01-Jan-2019,uc_2m,mean,2.1684240139259
01-Apr-2019,uc_2m,mean,2.16952105264224
01-Jul-2019,uc_2m,mean,2.16778351476811
01-Oct-2019,uc_2m,mean,2.16355707916554
01-Jan-2020,uc_2m,mean,2.16908669473126
01-Apr-2020,uc_2m,mean,2.22517478224506
01-Jul-2020,uc_2m,mean,2.25426947012704
01-Oct-2020,uc_2m,mean,2.27100659471027
01-Jan-2021,uc_2m,mean,2.28630382768936
01-Apr-2021,uc_2m,mean,2.29334854154485
01-Jul-2021,uc_2m,mean,2.29940424513437
01-Oct-2021,uc_2m,mean,2.29781144386855
01-Jan-2022,uc_2m,mean,2.29967060551651
01-Apr-2022,uc_2m,mean,2.30613495097764
01-Jul-2022,uc_2m,mean,2.31206114982897
01-Oct-2022,uc_2m,mean,2.31756854432949
01-Jan-2023,uc_2m,mean,2.32209928971852
01-Apr-2023,uc_2m,mean,2.32590263471227
01-Jul-2023,uc_2m,mean,2.32545340664817
01-Oct-2023,uc_2m,mean,2.3236511228333
01-Jan-2024,uc_2m,mean,2.32312028374351
01-Apr-2024,uc_2m,mean,2.32154994120442
01-Jul-2024,uc_2m,mean,2.31901289170031
01-Oct-2024,uc_2m,mean,2.31650077935942
01-Jan-2025,uc_2m,mean,2.31687131472481
01-Apr-2025,uc_2m,mean,2.3175993278006
01-Jul-2025,uc_2m,mean,2.31417729378258
01-Oct-2025,uc_2m,mean,2.31330679477649
01-Jan-2026,uc_2m,mean,2.31275220371483
01-Apr-2026,uc_2m,mean,2.31310312992764
01-Apr-1947,uc_2m,p05,2.86901020650839
01-Jul-1947,uc_2m,p05,2.87027569036786
01-Oct-1947,uc_2m,p05,2.95590248811527
01-Jan-1948,uc_2m,p05,3.00353800241214
01-Apr-1948,uc_2m,p05,3.0336867397275
01-Jul-1948,uc_2m,p05,3.05784959874063
01-Oct-1948,uc_2m,p05,3.05953880440802
01-Jan-1949,uc_2m,p05,2.94297105944179
01-Apr-1949,uc_2m,p05,2.88917691837287
01-Jul-1949,uc_2m,p05,2.93781598541614
01-Oct-1949,uc_2m,p05,2.78331372641037
01-Jan-1950,uc_2m,p05,3.10931389842153
01-Apr-1950,uc_2m,p05,3.248684935857
01-Jul-1950,uc_2m,p05,3.37227668233936
01-Oct-1950,uc_2m,p05,3.38603617662125
01-Jan-1951,uc_2m,p05,3.38818937518045
01-Apr-1951,uc_2m,p05,3.37507230122378
01-Jul-1951,uc_2m,p05,3.34009611401666
01-Oct-1951,uc_2m,p05,3.35539083329877
01-Jan-1952,uc_2m,p05,3.33311445828485
01-Apr-1952,uc_2m,p05,3.33438012388547
01-Jul-1952,uc_2m,p05,3.32615257568273
01-Oct-1952,uc_2m,p05,3.19070039008648
01-Jan-1953,uc_2m,p05,3.06417620163893
01-Apr-1953,uc_2m,p05,2.99998477944359
01-Jul-1953,uc_2m,p05,3.06193864147849
01-Oct-1953,uc_2m,p05,3.16511401286994
01-Jan-1954,uc_2m,p05,3.16165488938759
01-Apr-1954,uc_2m,p05,3.13948722131431
01-Jul-1954,uc_2m,p05,3.14181783621098
01-Oct-1954,uc_2m,p05,3.15261648823252
01-Jan-1955,uc_2m,p05,3.07882566180638
01-Apr-1955,uc_2m,p05,3.00311654601592
01-Jul-1955,uc_2m,p05,2.90798155117
01-Oct-1955,uc_2m,p05,2.87142747577082
01-Jan-1956,uc_2m,p05,2.91759188852393
01-Apr-1956,uc_2m,p05,2.86791301525818
01-Jul-1956,uc_2m,p05,2.90497304353971
01-Oct-1956,uc_2m,p05,2.79528170943013
01-Jan-1957,uc_2m,p05,2.77946789379143
01-Apr-1957,uc_2m,p05,2.80320571712787
01-Jul-1957,uc_2m,p05,2.78293708272304
01-Oct-1957,uc_2m,p05,2.82598239411186
01-Jan-1958,uc_2m,p05,2.6240163957732
01-Apr-1958,uc_2m,p05,2.68299426056501
01-Jul-1958,uc_2m,p05,2.84353209803567
01-Oct-1958,uc_2m,p05,2.96304621958325
01-Jan-1959,uc_2m,p05,3.03524919190522
01-Apr-1959,uc_2m,p05,3.08440652532408
01-Jul-1959,uc_2m,p05,3.06264806879972
01-Oct-1959,uc_2m,p05,3.04789185078016
01-Jan-1960,uc_2m,p05,3.1099976249111
01-Apr-1960,uc_2m,p05,3.0503800085437
01-Jul-1960,uc_2m,p05,3.04695050898204
01-Oct-1960,uc_2m,p05,2.84942328382931
01-Jan-1961,uc_2m,p05,2.87737445526363
01-Apr-1961,uc_2m,p05,2.97329429647993
01-Jul-1961,uc_2m,p05,3.07010201127946
01-Oct-1961,uc_2m,p05,3.1627276000745
01-Jan-1962,uc_2m,p05,3.22263780496473
01-Apr-1962,uc_2m,p05,3.20999161192526
01-Jul-1962,uc_2m,p05,3.2425348450156
01-Oct-1962,uc_2m,p05,3.19355697266042
01-Jan-1963,uc_2m,p05,3.22025501403687
01-Apr-1963,uc_2m,p05,3.23466792881959
01-Jul-1963,uc_2m,p05,3.32130149961745
01-Oct-1963,uc_2m,p05,3.28870075610234
01-Jan-1964,uc_2m,p05,3.35690216785497
01-Apr-1964,uc_2m,p05,3.35174212346374
01-Jul-1964,uc_2m,p05,3.37242206327824
01-Oct-1964,uc_2m,p05,3.33772312840506
01-Jan-1965,uc_2m,p05,3.38964106532126
01-Apr-1965,uc_2m,p05,3.38391212858892
01-Jul-1965,uc_2m,p05,3.38793602449368
01-Oct-1965,uc_2m,p05,3.37788034545133
01-Jan-1966,uc_2m,p05,3.32411189747882
01-Apr-1966,uc_2m,p05,3.31674066246069
01-Jul-1966,uc_2m,p05,3.29750729086572
01-Oct-1966,uc_2m,p05,3.27975374826769
01-Jan-1967,uc_2m,p05,3.25682085038011
01-Apr-1967,uc_2m,p05,3.2554703093333
01-Jul-1967,uc_2m,p05,3.23118696361303
01-Oct-1967,uc_2m,p05,3.21489076948933
01-Jan-1968,uc_2m,p05,3.15107790004458
01-Apr-1968,uc_2m,p05,3.0788061452588
01-Jul-1968,uc_2m,p05,3.05016928266923
01-Oct-1968,uc_2m,p05,3.03559471524977
01-Jan-1969,uc_2m,p05,2.92195668376667
01-Apr-1969,uc_2m,p05,2.91235864772466
01-Jul-1969,uc_2m,p05,2.86474275314322
01-Oct-1969,uc_2m,p05,2.9044958073398
01-Jan-1970,uc_2m,p05,2.90017164310575
01-Apr-1970,uc_2m,p05,2.89624677158963
01-Jul-1970,uc_2m,p05,2.87240201187524
01-Oct-1970,uc_2m,p05,2.81188122256845
01-Jan-1971,uc_2m,p05,2.86144318159427
01-Apr-1971,uc_2m,p05,2.8402339080958
01-Jul-1971,uc_2m,p05,2.82467693974968
01-Oct-1971,uc_2m,p05,2.7947181417203
01-Jan-1972,uc_2m,p05,2.81105069918772
01-Apr-1972,uc_2m,p05,2.78416583254648
01-Jul-1972,uc_2m,p05,2.75435855664614
01-Oct-1972,uc_2m,p05,2.70162492347868
01-Jan-1973,uc_2m,p05,2.53248989822987
01-Apr-1973,uc_2m,p05,2.43857271598222
01-Jul-1973,uc_2m,p05,2.47861737555831
01-Oct-1973,uc_2m,p05,2.37862104885539
01-Jan-1974,uc_2m,p05,2.43587465949781
01-Apr-1974,uc_2m,p05,2.41601325672059
01-Jul-1974,uc_2m,p05,2.4252928825847
01-Oct-1974,uc_2m,p05,2.38928154046039
01-Jan-1975,uc_2m,p05,2.26709273600522
01-Apr-1975,uc_2m,p05,2.30060646141192
01-Jul-1975,uc_2m,p05,2.38267861612599
01-Oct-1975,uc_2m,p05,2.40973716225608
01-Jan-1976,uc_2m,p05,2.4996910289301
01-Apr-1976,uc_2m,p05,2.47344996179572
01-Jul-1976,uc_2m,p05,2.45860143318714
01-Oct-1976,uc_2m,p05,2.46408660941802
01-Jan-1977,uc_2m,p05,2.48815041226635
01-Apr-1977,uc_2m,p05,2.53369526818619
01-Jul-1977,uc_2m,p05,2.54866979971985
01-Oct-1977,uc_2m,p05,2.51714080735769
01-Jan-1978,uc_2m,p05,2.49297538847964
01-Apr-1978,uc_2m,p05,2.46977677573932
01-Jul-1978,uc_2m,p05,2.43411214759317
01-Oct-1978,uc_2m,p05,2.32437226616048
01-Jan-1979,uc_2m,p05,2.30139065298181
01-Apr-1979,uc_2m,p05,2.28387162547847
01-Jul-1979,uc_2m,p05,2.20852239153874
01-Oct-1979,uc_2m,p05,2.18429910470445
01-Jan-1980,uc_2m,p05,2.14849962863263
01-Apr-1980,uc_2m,p05,2.20512156363657
01-Jul-1980,uc_2m,p05,2.19577742141246
01-Oct-1980,uc_2m,p05,2.22170522868146
01-Jan-1981,uc_2m,p05,2.17132179287682
01-Apr-1981,uc_2m,p05,2.20061304298497
01-Jul-1981,uc_2m,p05,2.18823479097546
01-Oct-1981,uc_2m,p05,2.15489768561292
01-Jan-1982,uc_2m,p05,2.00916855719493
01-Apr-1982,uc_2m,p05,2.03463507352581
01-Jul-1982,uc_2m,p05,1.93099716372399
01-Oct-1982,uc_2m,p05,1.88395848862274
01-Jan-1983,uc_2m,p05,1.9805881131515
01-Apr-1983,uc_2m,p05,2.15204575238431
01-Jul-1983,uc_2m,p05,2.27421307190912
01-Oct-1983,uc_2m,p05,2.4080067272339
01-Jan-1984,uc_2m,p05,2.50230336477762
01-Apr-1984,uc_2m,p05,2.55839869320198
01-Jul-1984,uc_2m,p05,2.57253963492735
01-Oct-1984,uc_2m,p05,2.57192679297714
01-Jan-1985,uc_2m,p05,2.58687288712827
01-Apr-1985,uc_2m,p05,2.59036218349092
01-Jul-1985,uc_2m,p05,2.61621173384196
01-Oct-1985,uc_2m,p05,2.60791308600938
01-Jan-1986,uc_2m,p05,2.61146988820587
01-Apr-1986,uc_2m,p05,2.60261178950122
01-Jul-1986,uc_2m,p05,2.60837263347321
01-Oct-1986,uc_2m,p05,2.59774198334503
01-Jan-1987,uc_2m,p05,2.59434097326312
01-Apr-1987,uc_2m,p05,2.59510323771292
01-Jul-1987,uc_2m,p05,2.59079050417927
01-Oct-1987,uc_2m,p05,2.5930752400925
01-Jan-1988,uc_2m,p05,2.5786399308306
01-Apr-1988,uc_2m,p05,2.5679588631217
01-Jul-1988,uc_2m,p05,2.55332257669579
01-Oct-1988,uc_2m,p05,2.526220186724
01-Jan-1989,uc_2m,p05,2.49563922316156
01-Apr-1989,uc_2m,p05,2.46748786633839
01-Jul-1989,uc_2m,p05,2.41861133611678
01-Oct-1989,uc_2m,p05,2.41815149195827
01-Jan-1990,uc_2m,p05,2.35081884949318
01-Apr-1990,uc_2m,p05,2.33071665107423
01-Jul-1990,uc_2m,p05,2.33324806988571
01-Oct-1990,uc_2m,p05,2.36181455034784
01-Jan-1991,uc_2m,p05,2.34395831747042
01-Apr-1991,uc_2m,p05,2.36459060058178
01-Jul-1991,uc_2m,p05,2.35801530146887
01-Oct-1991,uc_2m,p05,2.34434968006644
01-Jan-1992,uc_2m,p05,2.38574787543394
01-Apr-1992,uc_2m,p05,2.40839504649398
01-Jul-1992,uc_2m,p05,2.41345202575326
01-Oct-1992,uc_2m,p05,2.43371226247496
01-Jan-1993,uc_2m,p05,2.41416296456123
01-Apr-1993,uc_2m,p05,2.41332734966295
01-Jul-1993,uc_2m,p05,2.39835272902815
01-Oct-1993,uc_2m,p05,2.44828132917155
01-Jan-1994,uc_2m,p05,2.44788093591433
01-Apr-1994,uc_2m,p05,2.47769063324199
01-Jul-1994,uc_2m,p05,2.46499575391158
01-Oct-1994,uc_2m,p05,2.48177337416496
01-Jan-1995,uc_2m,p05,2.46170787231813
01-Apr-1995,uc_2m,p05,2.43387302266501
01-Jul-1995,uc_2m,p05,2.44880036682639
01-Oct-1995,uc_2m,p05,2.4448220597842
01-Jan-1996,uc_2m,p05,2.44343517452421
01-Apr-1996,uc_2m,p05,2.49104804944614
01-Jul-1996,uc_2m,p05,2.48014613879764
01-Oct-1996,uc_2m,p05,2.48666750468419
01-Jan-1997,uc_2m,p05,2.47466565179161
01-Apr-1997,uc_2m,p05,2.50272269537982
01-Jul-1997,uc_2m,p05,2.50755522492273
01-Oct-1997,uc_2m,p05,2.49666998953512
01-Jan-1998,uc_2m,p05,2.48944636314513
01-Apr-1998,uc_2m,p05,2.48210833720009
01-Jul-1998,uc_2m,p05,2.47548739841523
01-Oct-1998,uc_2m,p05,2.47110417033969
01-Jan-1999,uc_2m,p05,2.45011085276792
01-Apr-1999,uc_2m,p05,2.4307197375872
01-Jul-1999,uc_2m,p05,2.41520147570054
01-Oct-1999,uc_2m,p05,2.3759048837112
01-Jan-2000,uc_2m,p05,2.35987496664802
01-Apr-2000,uc_2m,p05,2.28522319799254
01-Jul-2000,uc_2m,p05,2.27728174418576
01-Oct-2000,uc_2m,p05,2.23893922524667
01-Jan-2001,uc_2m,p05,2.23711774153412
01-Apr-2001,uc_2m,p05,2.20428245686116
01-Jul-2001,uc_2m,p05,2.1981987273814
01-Oct-2001,uc_2m,p05,2.18296753805885
01-Jan-2002,uc_2m,p05,2.16063126609856
01-Apr-2002,uc_2m,p05,2.14105825452771
01-Jul-2002,uc_2m,p05,2.11687338327283
01-Oct-2002,uc_2m,p05,2.08865981569215
01-Jan-2003,uc_2m,p05,2.06314809380297
01-Apr-2003,uc_2m,p05,2.05192050823075
01-Jul-2003,uc_2m,p05,2.03775427158166
01-Oct-2003,uc_2m,p05,2.01361880698641
01-Jan-2004,uc_2m,p05,1.98649798109227
01-Apr-2004,uc_2m,p05,1.95546662704464
01-Jul-2004,uc_2m,p05,1.91929554866533
01-Oct-2004,uc_2m,p05,1.88205473572953
01-Jan-2005,uc_2m,p05,1.83348978916183
01-Apr-2005,uc_2m,p05,1.78516139770227
01-Jul-2005,uc_2m,p05,1.74081420228549
01-Oct-2005,uc_2m,p05,1.69850885737605
01-Jan-2006,uc_2m,p05,1.60376682242531
01-Apr-2006,uc_2m,p05,1.55892731644167
01-Jul-2006,uc_2m,p05,1.52919171400754
01-Oct-2006,uc_2m,p05,1.43461249899656
01-Jan-2007,uc_2m,p05,1.37815033078959
01-Apr-2007,uc_2m,p05,1.28821350923317
01-Jul-2007,uc_2m,p05,1.19428676653888
01-Oct-2007,uc_2m,p05,1.08159691328501
01-Jan-2008,uc_2m,p05,1.07700032574303
01-Apr-2008,uc_2m,p05,0.966852546977407
01-Jul-2008,uc_2m,p05,0.965519451341834
01-Oct-2008,uc_2m,p05,1.0276207021484
01-Jan-2009,uc_2m,p05,0.99838058018895
01-Apr-2009,uc_2m,p05,0.97706532320035
01-Jul-2009,uc_2m,p05,0.993843435642475
01-Oct-2009,uc_2m,p05,1.05402837722727
01-Jan-2010,uc_2m,p05,1.04759498637623
01-Apr-2010,uc_2m,p05,1.09553329107052
01-Jul-2010,uc_2m,p05,1.11457461131886
01-Oct-2010,uc_2m,p05,1.12740172105123
01-Jan-2011,uc_2m,p05,1.08708812586906
01-Apr-2011,uc_2m,p05,1.12309362795918
01-Jul-2011,uc_2m,p05,1.09010489756906
01-Oct-2011,uc_2m,p05,1.16907082065632
01-Jan-2012,uc_2m,p05,1.19230087564665
01-Apr-2012,uc_2m,p05,1.19880054647206
01-Jul-2012,uc_2m,p05,1.18847626894285
01-Oct-2012,uc_2m,p05,1.17030241261932
01-Jan-2013,uc_2m,p05,1.2365640769242
01-Apr-2013,uc_2m,p05,1.21584635796648
01-Jul-2013,uc_2m,p05,1.26086344526652
01-Oct-2013,uc_2m,p05,1.30486183245193
01-Jan-2014,uc_2m,p05,1.23055186762667
01-Apr-2014,uc_2m,p05,1.3341660848364
01-Jul-2014,uc_2m,p05,1.38364658508317
01-Oct-2014,uc_2m,p05,1.38963379412871
01-Jan-2015,uc_2m,p05,1.42402672006006
01-Apr-2015,uc_2m,p05,1.43179118515332
01-Jul-2015,uc_2m,p05,1.42963230594523
01-Oct-2015,uc_2m,p05,1.41567220514844
01-Jan-2016,uc_2m,p05,1.43364102013857
01-Apr-2016,uc_2m,p05,1.42742816224381
01-Jul-2016,uc_2m,p05,1.44416426903854
01-Oct-2016,uc_2m,p05,1.45284967885868
01-Jan-2017,uc_2m,p05,1.45968203266466
01-Apr-2017,uc_2m,p05,1.46288444216725
01-Jul-2017,uc_2m,p05,1.48767116352769
01-Oct-2017,uc_2m,p05,1.5245852034875
01-Jan-2018,uc_2m,p05,1.53474985737012
01-Apr-2018,uc_2m,p05,1.5360759031596
01-Jul-2018,uc_2m,p05,1.53988539746888
01-Oct-2018,uc_2m,p05,1.52090409470452
01-Jan-2019,uc_2m,p05,1.52938998315494
01-Apr-2019,uc_2m,p05,1.54040829348082
01-Jul-2019,uc_2m,p05,1.53769272311092
01-Oct-2019,uc_2m,p05,1.52121002418153
01-Jan-2020,uc_2m,p05,1.4838740072621
01-Apr-2020,uc_2m,p05,0.580744140648903
01-Jul-2020,uc_2m,p05,1.50330746676946
01-Oct-2020,uc_2m,p05,1.47478490013714
01-Jan-2021,uc_2m,p05,1.53721447836119
01-Apr-2021,uc_2m,p05,1.59160301894485
01-Jul-2021,uc_2m,p05,1.59064174879745
01-Oct-2021,uc_2m,p05,1.61911870929339
01-Jan-2022,uc_2m,p05,1.58523544435479
01-Apr-2022,uc_2m,p05,1.57433411956436
01-Jul-2022,uc_2m,p05,1.57987419010647
01-Oct-2022,uc_2m,p05,1.58540473798325
01-Jan-2023,uc_2m,p05,1.58553280818819
01-Apr-2023,uc_2m,p05,1.57851584229593
01-Jul-2023,uc_2m,p05,1.58157920357712
01-Oct-2023,uc_2m,p05,1.57045712835611
01-Jan-2024,uc_2m,p05,1.55515643817057
01-Apr-2024,uc_2m,p05,1.53617520637931
01-Jul-2024,uc_2m,p05,1.51363771845354
01-Oct-2024,uc_2m,p05,1.48402802317696
01-Jan-2025,uc_2m,p05,1.46899670113498
01-Apr-2025,uc_2m,p05,1.4351121316754
01-Jul-2025,uc_2m,p05,1.39250855206615
01-Oct-2025,uc_2m,p05,1.3740976173674
01-Jan-2026,uc_2m,p05,1.33350107018214
01-Apr-2026,uc_2m,p05,1.29669664707853
01-Apr-1947,uc_2m,p16,3.33638212312485
01-Jul-1947,uc_2m,p16,3.35883599806562
01-Oct-1947,uc_2m,p16,3.38325342775238
01-Jan-1948,uc_2m,p16,3.40158638048933
01-Apr-1948,uc_2m,p16,3.40270143164435
01-Jul-1948,uc_2m,p16,3.41831575188667
01-Oct-1948,uc_2m,p16,3.437085279646
01-Jan-1949,uc_2m,p16,3.39547633800066
01-Apr-1949,uc_2m,p16,3.3683596571575
01-Jul-1949,uc_2m,p16,3.39939126767854
01-Oct-1949,uc_2m,p16,3.32044120635669
01-Jan-1950,uc_2m,p16,3.50299812486764
01-Apr-1950,uc_2m,p16,3.5783881349264
01-Jul-1950,uc_2m,p16,3.63146975894733
01-Oct-1950,uc_2m,p16,3.63055892561033
01-Jan-1951,uc_2m,p16,3.62674539449017
01-Apr-1951,uc_2m,p16,3.60862385021483
01-Jul-1951,uc_2m,p16,3.56640548344626
01-Oct-1951,uc_2m,p16,3.57831236192624
01-Jan-1952,uc_2m,p16,3.55395589776504
01-Apr-1952,uc_2m,p16,3.56518578885834
01-Jul-1952,uc_2m,p16,3.55608714997561
01-Oct-1952,uc_2m,p16,3.42396410937431
01-Jan-1953,uc_2m,p16,3.33785491744402
01-Apr-1953,uc_2m,p16,3.3014322198751
01-Jul-1953,uc_2m,p16,3.34381094807941
01-Oct-1953,uc_2m,p16,3.42726319549706
01-Jan-1954,uc_2m,p16,3.44416086034448
01-Apr-1954,uc_2m,p16,3.44519223770226
01-Jul-1954,uc_2m,p16,3.44956671809678
01-Oct-1954,uc_2m,p16,3.44023307457451
01-Jan-1955,uc_2m,p16,3.35021080070942
01-Apr-1955,uc_2m,p16,3.29220204504418
01-Jul-1955,uc_2m,p16,3.22804407255853
01-Oct-1955,uc_2m,p16,3.21265968413013
01-Jan-1956,uc_2m,p16,3.24655904942415
01-Apr-1956,uc_2m,p16,3.21501997162181
01-Jul-1956,uc_2m,p16,3.24092505801968
01-Oct-1956,uc_2m,p16,3.18346166672995
01-Jan-1957,uc_2m,p16,3.1799324233366
01-Apr-1957,uc_2m,p16,3.20232312632743
01-Jul-1957,uc_2m,p16,3.18545240114463
01-Oct-1957,uc_2m,p16,3.22341188398923
01-Jan-1958,uc_2m,p16,3.17060078428199
01-Apr-1958,uc_2m,p16,3.20850546025986
01-Jul-1958,uc_2m,p16,3.29245397125214
01-Oct-1958,uc_2m,p16,3.34771302837316
01-Jan-1959,uc_2m,p16,3.37426626907472
01-Apr-1959,uc_2m,p16,3.37956435818523
01-Jul-1959,uc_2m,p16,3.3845591968427
01-Oct-1959,uc_2m,p16,3.38613043303098
01-Jan-1960,uc_2m,p16,3.40606233873723
01-Apr-1960,uc_2m,p16,3.3945551522213
01-Jul-1960,uc_2m,p16,3.39949620246466
01-Oct-1960,uc_2m,p16,3.30623996560621
01-Jan-1961,uc_2m,p16,3.3225584864158
01-Apr-1961,uc_2m,p16,3.37649125726034
01-Jul-1961,uc_2m,p16,3.42925946615424
01-Oct-1961,uc_2m,p16,3.47632831102283
01-Jan-1962,uc_2m,p16,3.51209103562269
01-Apr-1962,uc_2m,p16,3.51247449783023
01-Jul-1962,uc_2m,p16,3.52781390271821
01-Oct-1962,uc_2m,p16,3.50115851169539
01-Jan-1963,uc_2m,p16,3.51690610453466
01-Apr-1963,uc_2m,p16,3.52577060707358
01-Jul-1963,uc_2m,p16,3.57903184585984
01-Oct-1963,uc_2m,p16,3.56370739028034
01-Jan-1964,uc_2m,p16,3.60525656864888
01-Apr-1964,uc_2m,p16,3.60207773593879
01-Jul-1964,uc_2m,p16,3.61400525131512
01-Oct-1964,uc_2m,p16,3.59116203006624
01-Jan-1965,uc_2m,p16,3.62062914480384
01-Apr-1965,uc_2m,p16,3.6161491561536
01-Jul-1965,uc_2m,p16,3.61328645735625
01-Oct-1965,uc_2m,p16,3.59197625409956
01-Jan-1966,uc_2m,p16,3.54220998099049
01-Apr-1966,uc_2m,p16,3.54052788033482
01-Jul-1966,uc_2m,p16,3.51748175281614
01-Oct-1966,uc_2m,p16,3.49913470992624
01-Jan-1967,uc_2m,p16,3.47662696187354
01-Apr-1967,uc_2m,p16,3.47694482828115
01-Jul-1967,uc_2m,p16,3.45676653367832
01-Oct-1967,uc_2m,p16,3.43990687882911
01-Jan-1968,uc_2m,p16,3.37756479754648
01-Apr-1968,uc_2m,p16,3.31256403028783
01-Jul-1968,uc_2m,p16,3.28490884954908
01-Oct-1968,uc_2m,p16,3.27041158135739
01-Jan-1969,uc_2m,p16,3.18271537397391
01-Apr-1969,uc_2m,p16,3.17547332557524
01-Jul-1969,uc_2m,p16,3.13445754557711
01-Oct-1969,uc_2m,p16,3.17306284475808
01-Jan-1970,uc_2m,p16,3.18748552173088
01-Apr-1970,uc_2m,p16,3.18727894815743
01-Jul-1970,uc_2m,p16,3.1664503560155
01-Oct-1970,uc_2m,p16,3.1579643734849
01-Jan-1971,uc_2m,p16,3.15473337186995
01-Apr-1971,uc_2m,p16,3.1494763162666
01-Jul-1971,uc_2m,p16,3.1351434163721
01-Oct-1971,uc_2m,p16,3.12396521681808
01-Jan-1972,uc_2m,p16,3.11423912391024
01-Apr-1972,uc_2m,p16,3.06844962131868
01-Jul-1972,uc_2m,p16,3.0485003404342
01-Oct-1972,uc_2m,p16,2.97770895061967
01-Jan-1973,uc_2m,p16,2.8351201340281
01-Apr-1973,uc_2m,p16,2.77519335205943
01-Jul-1973,uc_2m,p16,2.80263687734441
01-Oct-1973,uc_2m,p16,2.73681365688867
01-Jan-1974,uc_2m,p16,2.7827301636537
01-Apr-1974,uc_2m,p16,2.76372095189254
01-Jul-1974,uc_2m,p16,2.7947267437612
01-Oct-1974,uc_2m,p16,2.7995133017057
01-Jan-1975,uc_2m,p16,2.76231898074752
01-Apr-1975,uc_2m,p16,2.77975586027333
01-Jul-1975,uc_2m,p16,2.81412191531263
01-Oct-1975,uc_2m,p16,2.83015961005617
01-Jan-1976,uc_2m,p16,2.85980998816149
01-Apr-1976,uc_2m,p16,2.85065566556318
01-Jul-1976,uc_2m,p16,2.84298797241377
01-Oct-1976,uc_2m,p16,2.84222609550466
01-Jan-1977,uc_2m,p16,2.84877890237181
01-Apr-1977,uc_2m,p16,2.86117390314712
01-Jul-1977,uc_2m,p16,2.84826979255354
01-Oct-1977,uc_2m,p16,2.84012258648613
01-Jan-1978,uc_2m,p16,2.83068270508807
01-Apr-1978,uc_2m,p16,2.74111537035969
01-Jul-1978,uc_2m,p16,2.71024568794132
01-Oct-1978,uc_2m,p16,2.62808020124135
01-Jan-1979,uc_2m,p16,2.61286106696843
01-Apr-1979,uc_2m,p16,2.59871842243024
01-Jul-1979,uc_2m,p16,2.55619879211531
01-Oct-1979,uc_2m,p16,2.54258450609746
01-Jan-1980,uc_2m,p16,2.52576447210959
01-Apr-1980,uc_2m,p16,2.57440879044157
01-Jul-1980,uc_2m,p16,2.57919769103978
01-Oct-1980,uc_2m,p16,2.57323320065439
01-Jan-1981,uc_2m,p16,2.54041196510593
01-Apr-1981,uc_2m,p16,2.55988832784442
01-Jul-1981,uc_2m,p16,2.55254729417879
01-Oct-1981,uc_2m,p16,2.55392015618008
01-Jan-1982,uc_2m,p16,2.51458973770332
01-Apr-1982,uc_2m,p16,2.5364401527313
01-Jul-1982,uc_2m,p16,2.48938622591049
01-Oct-1982,uc_2m,p16,2.47278960078393
01-Jan-1983,uc_2m,p16,2.52909600516023
01-Apr-1983,uc_2m,p16,2.62475789129417
01-Jul-1983,uc_2m,p16,2.69141586924115
01-Oct-1983,uc_2m,p16,2.75762980954391
01-Jan-1984,uc_2m,p16,2.81023048027464
01-Apr-1984,uc_2m,p16,2.84393941490998
01-Jul-1984,uc_2m,p16,2.84709081842971
01-Oct-1984,uc_2m,p16,2.85000011760417
01-Jan-1985,uc_2m,p16,2.8572481774529
01-Apr-1985,uc_2m,p16,2.86007836189879
01-Jul-1985,uc_2m,p16,2.87504790780031
01-Oct-1985,uc_2m,p16,2.8684986847104
01-Jan-1986,uc_2m,p16,2.86763980185469
01-Apr-1986,uc_2m,p16,2.85910256987472
01-Jul-1986,uc_2m,p16,2.86020610225569
01-Oct-1986,uc_2m,p16,2.851940890783
01-Jan-1987,uc_2m,p16,2.8491700839179
01-Apr-1987,uc_2m,p16,2.84923200628009
01-Jul-1987,uc_2m,p16,2.84384019086633
01-Oct-1987,uc_2m,p16,2.8377054308171
01-Jan-1988,uc_2m,p16,2.83214602916269
01-Apr-1988,uc_2m,p16,2.81466315213129
01-Jul-1988,uc_2m,p16,2.80670330952125
01-Oct-1988,uc_2m,p16,2.7720897976742
01-Jan-1989,uc_2m,p16,2.743134808592
01-Apr-1989,uc_2m,p16,2.71770811389115
01-Jul-1989,uc_2m,p16,2.68974930166314
01-Oct-1989,uc_2m,p16,2.68835878307459
01-Jan-1990,uc_2m,p16,2.64234890803232
01-Apr-1990,uc_2m,p16,2.63213004421527
01-Jul-1990,uc_2m,p16,2.63748177339926
01-Oct-1990,uc_2m,p16,2.65649229910832
01-Jan-1991,uc_2m,p16,2.64942177736566
01-Apr-1991,uc_2m,p16,2.65576678098569
01-Jul-1991,uc_2m,p16,2.65661736218658
01-Oct-1991,uc_2m,p16,2.64843078513582
01-Jan-1992,uc_2m,p16,2.67061239987311
01-Apr-1992,uc_2m,p16,2.6823398435497
01-Jul-1992,uc_2m,p16,2.6891736345558
01-Oct-1992,uc_2m,p16,2.70068638112343
01-Jan-1993,uc_2m,p16,2.68110778483583
01-Apr-1993,uc_2m,p16,2.68293816507753
01-Jul-1993,uc_2m,p16,2.67252380646005
01-Oct-1993,uc_2m,p16,2.70375432178048
01-Jan-1994,uc_2m,p16,2.7084347672901
01-Apr-1994,uc_2m,p16,2.72844094162861
01-Jul-1994,uc_2m,p16,2.72252720422148
01-Oct-1994,uc_2m,p16,2.73273327960078
01-Jan-1995,uc_2m,p16,2.71561381369816
01-Apr-1995,uc_2m,p16,2.70060434839729
01-Jul-1995,uc_2m,p16,2.70775946649405
01-Oct-1995,uc_2m,p16,2.69770504212784
01-Jan-1996,uc_2m,p16,2.69419861369829
01-Apr-1996,uc_2m,p16,2.72820742616682
01-Jul-1996,uc_2m,p16,2.72682397682956
01-Oct-1996,uc_2m,p16,2.73120021725617
01-Jan-1997,uc_2m,p16,2.72291641087259
01-Apr-1997,uc_2m,p16,2.74193373656726
01-Jul-1997,uc_2m,p16,2.74108947129503
01-Oct-1997,uc_2m,p16,2.73457738635375
01-Jan-1998,uc_2m,p16,2.72804533197905
01-Apr-1998,uc_2m,p16,2.71895898443927
01-Jul-1998,uc_2m,p16,2.71174303231078
01-Oct-1998,uc_2m,p16,2.69885920742513
01-Jan-1999,uc_2m,p16,2.67956792449604
01-Apr-1999,uc_2m,p16,2.66245838015334
01-Jul-1999,uc_2m,p16,2.63794245719305
01-Oct-1999,uc_2m,p16,2.59592817381849
01-Jan-2000,uc_2m,p16,2.58201354209518
01-Apr-2000,uc_2m,p16,2.50632000519977
01-Jul-2000,uc_2m,p16,2.50181502578153
01-Oct-2000,uc_2m,p16,2.46672179381812
01-Jan-2001,uc_2m,p16,2.47599321460234
01-Apr-2001,uc_2m,p16,2.44377570207917
01-Jul-2001,uc_2m,p16,2.45064545815353
01-Oct-2001,uc_2m,p16,2.43751873898964
01-Jan-2002,uc_2m,p16,2.41465532187385
01-Apr-2002,uc_2m,p16,2.3977973775668
01-Jul-2002,uc_2m,p16,2.38509929742395
01-Oct-2002,uc_2m,p16,2.36752855295981
01-Jan-2003,uc_2m,p16,2.34962292111777
01-Apr-2003,uc_2m,p16,2.33264407049933
01-Jul-2003,uc_2m,p16,2.30499793020931
01-Oct-2003,uc_2m,p16,2.27407942019681
01-Jan-2004,uc_2m,p16,2.25146507905947
01-Apr-2004,uc_2m,p16,2.22524423851814
01-Jul-2004,uc_2m,p16,2.18825984156388
01-Oct-2004,uc_2m,p16,2.14989121976146
01-Jan-2005,uc_2m,p16,2.09718750539673
01-Apr-2005,uc_2m,p16,2.06496000102925
01-Jul-2005,uc_2m,p16,2.01554804015518
01-Oct-2005,uc_2m,p16,1.9738132152886
01-Jan-2006,uc_2m,p16,1.87756182643284
01-Apr-2006,uc_2m,p16,1.84690866859364
01-Jul-2006,uc_2m,p16,1.81361204784776
01-Oct-2006,uc_2m,p16,1.73343872347027
01-Jan-2007,uc_2m,p16,1.69095817362154
01-Apr-2007,uc_2m,p16,1.62216807219033
01-Jul-2007,uc_2m,p16,1.56081145404141
01-Oct-2007,uc_2m,p16,1.49357782018501
01-Jan-2008,uc_2m,p16,1.48808206412332
01-Apr-2008,uc_2m,p16,1.42192325818655
01-Jul-2008,uc_2m,p16,1.42176174942415
01-Oct-2008,uc_2m,p16,1.47152421736064
01-Jan-2009,uc_2m,p16,1.48492721871298
01-Apr-2009,uc_2m,p16,1.49651084905395
01-Jul-2009,uc_2m,p16,1.50675053223335
01-Oct-2009,uc_2m,p16,1.52091197089112
01-Jan-2010,uc_2m,p16,1.5326016189606
01-Apr-2010,uc_2m,p16,1.54184400675604
01-Jul-2010,uc_2m,p16,1.54830180381873
01-Oct-2010,uc_2m,p16,1.55501760812103
01-Jan-2011,uc_2m,p16,1.5527653312879
01-Apr-2011,uc_2m,p16,1.5662614794378
01-Jul-2011,uc_2m,p16,1.5604672113102
01-Oct-2011,uc_2m,p16,1.59059279859957
01-Jan-2012,uc_2m,p16,1.60217879407469
01-Apr-2012,uc_2m,p16,1.60478779233904
01-Jul-2012,uc_2m,p16,1.6050766484168
01-Oct-2012,uc_2m,p16,1.60564471329553
01-Jan-2013,uc_2m,p16,1.63380409409933
01-Apr-2013,uc_2m,p16,1.636654317997
01-Jul-2013,uc_2m,p16,1.65708049774162
01-Oct-2013,uc_2m,p16,1.67719046452589
01-Jan-2014,uc_2m,p16,1.64667687962014
01-Apr-2014,uc_2m,p16,1.69363729997849
01-Jul-2014,uc_2m,p16,1.71818958080326
01-Oct-2014,uc_2m,p16,1.71923556185243
01-Jan-2015,uc_2m,p16,1.73881463404064
01-Apr-2015,uc_2m,p16,1.7423135045135
01-Jul-2015,uc_2m,p16,1.74111331200197
01-Oct-2015,uc_2m,p16,1.73543908077227
01-Jan-2016,uc_2m,p16,1.74773167616445
01-Apr-2016,uc_2m,p16,1.74151169680772
01-Jul-2016,uc_2m,p16,1.75804510756348
01-Oct-2016,uc_2m,p16,1.76532071467909
01-Jan-2017,uc_2m,p16,1.76468527926477
01-Apr-2017,uc_2m,p16,1.76857997684851
01-Jul-2017,uc_2m,p16,1.78415305978024
01-Oct-2017,uc_2m,p16,1.80631862376276
01-Jan-2018,uc_2m,p16,1.81216512220294
01-Apr-2018,uc_2m,p16,1.81147016107047
01-Jul-2018,uc_2m,p16,1.81126109137881
01-Oct-2018,uc_2m,p16,1.80311747107589
01-Jan-2019,uc_2m,p16,1.80508557313669
01-Apr-2019,uc_2m,p16,1.80697063510183
01-Jul-2019,uc_2m,p16,1.80543802067496
01-Oct-2019,uc_2m,p16,1.7921651331435
01-Jan-2020,uc_2m,p16,1.77195720715144
01-Apr-2020,uc_2m,p16,1.266418993353
01-Jul-2020,uc_2m,p16,1.80543858744522
01-Oct-2020,uc_2m,p16,1.78651475633887
01-Jan-2021,uc_2m,p16,1.82610456816087
01-Apr-2021,uc_2m,p16,1.86971711285196
01-Jul-2021,uc_2m,p16,1.87033127384393
01-Oct-2021,uc_2m,p16,1.89423442877614
01-Jan-2022,uc_2m,p16,1.87015426199332
01-Apr-2022,uc_2m,p16,1.8655858793752
01-Jul-2022,uc_2m,p16,1.86951469352744
01-Oct-2022,uc_2m,p16,1.86974623781043
01-Jan-2023,uc_2m,p16,1.86654248360469
01-Apr-2023,uc_2m,p16,1.86597415578512
01-Jul-2023,uc_2m,p16,1.86911320348645
01-Oct-2023,uc_2m,p16,1.86096903433531
01-Jan-2024,uc_2m,p16,1.84718713050074
01-Apr-2024,uc_2m,p16,1.8408126011484
01-Jul-2024,uc_2m,p16,1.8318446467988
01-Oct-2024,uc_2m,p16,1.81973518913424
01-Jan-2025,uc_2m,p16,1.80445454566438
01-Apr-2025,uc_2m,p16,1.79881935038884
01-Jul-2025,uc_2m,p16,1.78222044618974
01-Oct-2025,uc_2m,p16,1.76713768893615
01-Jan-2026,uc_2m,p16,1.75395308735233
01-Apr-2026,uc_2m,p16,1.73832298663251
01-Apr-1947,uc_2m,p84,4.30329330070845
01-Jul-1947,uc_2m,p84,4.29252471089171
01-Oct-1947,uc_2m,p84,4.28105749243309
01-Jan-1948,uc_2m,p84,4.27371828558807
01-Apr-1948,uc_2m,p84,4.27007258868935
01-Jul-1948,uc_2m,p84,4.2480625472781
01-Oct-1948,uc_2m,p84,4.23854456352205
01-Jan-1949,uc_2m,p84,4.30252303196426
01-Apr-1949,uc_2m,p84,4.39356480830452
01-Jul-1949,uc_2m,p84,4.43407076719495
01-Oct-1949,uc_2m,p84,4.59660895843467
01-Jan-1950,uc_2m,p84,4.47913186302117
01-Apr-1950,uc_2m,p84,4.44744817194237
01-Jul-1950,uc_2m,p84,4.40048778189384
01-Oct-1950,uc_2m,p84,4.39090384913879
01-Jan-1951,uc_2m,p84,4.3756197470525
01-Apr-1951,uc_2m,p84,4.37342901169404
01-Jul-1951,uc_2m,p84,4.3784681250595
01-Oct-1951,uc_2m,p84,4.32452767129257
01-Jan-1952,uc_2m,p84,4.31196970778569
01-Apr-1952,uc_2m,p84,4.26631687154509
01-Jul-1952,uc_2m,p84,4.24660351037437
01-Oct-1952,uc_2m,p84,4.33742782910736
01-Jan-1953,uc_2m,p84,4.35127892901346
01-Apr-1953,uc_2m,p84,4.3154252751799
01-Jul-1953,uc_2m,p84,4.21251395344075
01-Oct-1953,uc_2m,p84,4.08964552050907
01-Jan-1954,uc_2m,p84,4.05608709436115
01-Apr-1954,uc_2m,p84,4.04872786044029
01-Jul-1954,uc_2m,p84,4.04950268010816
01-Oct-1954,uc_2m,p84,4.05931101522128
01-Jan-1955,uc_2m,p84,4.12454062097822
01-Apr-1955,uc_2m,p84,4.13541924071819
01-Jul-1955,uc_2m,p84,4.14414389699004
01-Oct-1955,uc_2m,p84,4.11033156525286
01-Jan-1956,uc_2m,p84,4.03888302705082
01-Apr-1956,uc_2m,p84,4.03383480325988
01-Jul-1956,uc_2m,p84,3.9904894475826
01-Oct-1956,uc_2m,p84,4.01769657497562
01-Jan-1957,uc_2m,p84,3.99806865726214
01-Apr-1957,uc_2m,p84,3.95706720599219
01-Jul-1957,uc_2m,p84,3.96100220807125
01-Oct-1957,uc_2m,p84,3.92908054456711
01-Jan-1958,uc_2m,p84,4.02641006026965
01-Apr-1958,uc_2m,p84,4.05381498844827
01-Jul-1958,uc_2m,p84,4.0245962481124
01-Oct-1958,uc_2m,p84,4.00635164835398
01-Jan-1959,uc_2m,p84,4.00685208808022
01-Apr-1959,uc_2m,p84,4.0094946932843
01-Jul-1959,uc_2m,p84,4.01570058902848
01-Oct-1959,uc_2m,p84,4.03104162691216
01-Jan-1960,uc_2m,p84,4.02941031431192
01-Apr-1960,uc_2m,p84,4.05951133861026
01-Jul-1960,uc_2m,p84,4.08822490440843
01-Oct-1960,uc_2m,p84,4.24502912626008
01-Jan-1961,uc_2m,p84,4.30289535253837
01-Apr-1961,uc_2m,p84,4.31249588502669
01-Jul-1961,uc_2m,p84,4.30940358264638
01-Oct-1961,uc_2m,p84,4.29841977915135
01-Jan-1962,uc_2m,p84,4.29382149596563
01-Apr-1962,uc_2m,p84,4.33474107545157
01-Jul-1962,uc_2m,p84,4.34941198946581
01-Oct-1962,uc_2m,p84,4.42485233812454
01-Jan-1963,uc_2m,p84,4.45516517432566
01-Apr-1963,uc_2m,p84,4.48765254052796
01-Jul-1963,uc_2m,p84,4.45785770627595
01-Oct-1963,uc_2m,p84,4.50876264745534
01-Jan-1964,uc_2m,p84,4.48229471114405
01-Apr-1964,uc_2m,p84,4.49834993722402
01-Jul-1964,uc_2m,p84,4.49526426727812
01-Oct-1964,uc_2m,p84,4.53368746084766
01-Jan-1965,uc_2m,p84,4.49481677967674
01-Apr-1965,uc_2m,p84,4.49231541553581
01-Jul-1965,uc_2m,p84,4.46230317432628
01-Oct-1965,uc_2m,p84,4.44063200507367
01-Jan-1966,uc_2m,p84,4.43269539203357
01-Apr-1966,uc_2m,p84,4.3762298918939
01-Jul-1966,uc_2m,p84,4.34203341396187
01-Oct-1966,uc_2m,p84,4.31028479485485
01-Jan-1967,uc_2m,p84,4.27820713564324
01-Apr-1967,uc_2m,p84,4.22948522937918
01-Jul-1967,uc_2m,p84,4.20924690009451
01-Oct-1967,uc_2m,p84,4.17890446573369
01-Jan-1968,uc_2m,p84,4.19751059819396
01-Apr-1968,uc_2m,p84,4.20154324922032
01-Jul-1968,uc_2m,p84,4.15938706036127
01-Oct-1968,uc_2m,p84,4.10890097323659
01-Jan-1969,uc_2m,p84,4.12703079441644
01-Apr-1969,uc_2m,p84,4.0622337183006
01-Jul-1969,uc_2m,p84,4.03523453660773
01-Oct-1969,uc_2m,p84,3.94110027086504
01-Jan-1970,uc_2m,p84,3.88206301025002
01-Apr-1970,uc_2m,p84,3.84611913027493
01-Jul-1970,uc_2m,p84,3.83502885777921
01-Oct-1970,uc_2m,p84,3.80231565711961
01-Jan-1971,uc_2m,p84,3.81404200310931
01-Apr-1971,uc_2m,p84,3.7835257250988
01-Jul-1971,uc_2m,p84,3.7718455227382
01-Oct-1971,uc_2m,p84,3.76378395275856
01-Jan-1972,uc_2m,p84,3.76738625922462
01-Apr-1972,uc_2m,p84,3.79013635125102
01-Jul-1972,uc_2m,p84,3.76758230487394
01-Oct-1972,uc_2m,p84,3.78653481418519
01-Jan-1973,uc_2m,p84,3.85669561986174
01-Apr-1973,uc_2m,p84,3.83832445307416
01-Jul-1973,uc_2m,p84,3.73240650850448
01-Oct-1973,uc_2m,p84,3.73412653228183
01-Jan-1974,uc_2m,p84,3.62573202778367
01-Apr-1974,uc_2m,p84,3.59736148698994
01-Jul-1974,uc_2m,p84,3.53249486607547
01-Oct-1974,uc_2m,p84,3.5139815112741
01-Jan-1975,uc_2m,p84,3.54928766684839
01-Apr-1975,uc_2m,p84,3.56206555720337
01-Jul-1975,uc_2m,p84,3.54710200868431
01-Oct-1975,uc_2m,p84,3.54722822155918
01-Jan-1976,uc_2m,p84,3.52618173489623
01-Apr-1976,uc_2m,p84,3.52596486775315
01-Jul-1976,uc_2m,p84,3.52965273735254
01-Oct-1976,uc_2m,p84,3.53551153849867
01-Jan-1977,uc_2m,p84,3.53062523474455
01-Apr-1977,uc_2m,p84,3.51699595419473
01-Jul-1977,uc_2m,p84,3.51563105540549
01-Oct-1977,uc_2m,p84,3.49513866536699
01-Jan-1978,uc_2m,p84,3.4868538096739
01-Apr-1978,uc_2m,p84,3.55978431058088
01-Jul-1978,uc_2m,p84,3.53125801549049
01-Oct-1978,uc_2m,p84,3.54776026207924
01-Jan-1979,uc_2m,p84,3.49830616745362
01-Apr-1979,uc_2m,p84,3.45746691745603
01-Jul-1979,uc_2m,p84,3.44708544372884
01-Oct-1979,uc_2m,p84,3.41284241866811
01-Jan-1980,uc_2m,p84,3.38801079492919
01-Apr-1980,uc_2m,p84,3.31975653578002
01-Jul-1980,uc_2m,p84,3.3168819883208
01-Oct-1980,uc_2m,p84,3.32288499407196
01-Jan-1981,uc_2m,p84,3.33898639371819
01-Apr-1981,uc_2m,p84,3.30935884552423
01-Jul-1981,uc_2m,p84,3.31325007369355
01-Oct-1981,uc_2m,p84,3.3114017915359
01-Jan-1982,uc_2m,p84,3.38128985510912
01-Apr-1982,uc_2m,p84,3.41005574619089
01-Jul-1982,uc_2m,p84,3.5141596493213
01-Oct-1982,uc_2m,p84,3.61458536312375
01-Jan-1983,uc_2m,p84,3.63998006741576
01-Apr-1983,uc_2m,p84,3.608819520319
01-Jul-1983,uc_2m,p84,3.59262123954181
01-Oct-1983,uc_2m,p84,3.56169967089295
01-Jan-1984,uc_2m,p84,3.53638223628923
01-Apr-1984,uc_2m,p84,3.5169610444093
01-Jul-1984,uc_2m,p84,3.52114392218596
01-Oct-1984,uc_2m,p84,3.52604274469195
01-Jan-1985,uc_2m,p84,3.52309960039702
01-Apr-1985,uc_2m,p84,3.52804452775126
01-Jul-1985,uc_2m,p84,3.5142290901731
01-Oct-1985,uc_2m,p84,3.51005717936937
01-Jan-1986,uc_2m,p84,3.5004794278891
01-Apr-1986,uc_2m,p84,3.49957155884317
01-Jul-1986,uc_2m,p84,3.49268120225747
01-Oct-1986,uc_2m,p84,3.49455715041813
01-Jan-1987,uc_2m,p84,3.49302765132688
01-Apr-1987,uc_2m,p84,3.47842962882009
01-Jul-1987,uc_2m,p84,3.47523985607882
01-Oct-1987,uc_2m,p84,3.47028579010862
01-Jan-1988,uc_2m,p84,3.45889858839882
01-Apr-1988,uc_2m,p84,3.45472652215335
01-Jul-1988,uc_2m,p84,3.43696003082505
01-Oct-1988,uc_2m,p84,3.43776800974342
01-Jan-1989,uc_2m,p84,3.43230220924556
01-Apr-1989,uc_2m,p84,3.42054594644355
01-Jul-1989,uc_2m,p84,3.41046917396807
01-Oct-1989,uc_2m,p84,3.37794173759062
01-Jan-1990,uc_2m,p84,3.38734312975748
01-Apr-1990,uc_2m,p84,3.35886346762982
01-Jul-1990,uc_2m,p84,3.32734552158422
01-Oct-1990,uc_2m,p84,3.29510460025062
01-Jan-1991,uc_2m,p84,3.30531421151977
01-Apr-1991,uc_2m,p84,3.30550963743758
01-Jul-1991,uc_2m,p84,3.31810467993932
01-Oct-1991,uc_2m,p84,3.33931816307222
01-Jan-1992,uc_2m,p84,3.33730891564392
01-Apr-1992,uc_2m,p84,3.33877708804266
01-Jul-1992,uc_2m,p84,3.34399937577996
01-Oct-1992,uc_2m,p84,3.34666437555916
01-Jan-1993,uc_2m,p84,3.36977613568001
01-Apr-1993,uc_2m,p84,3.38810070817703
01-Jul-1993,uc_2m,p84,3.41284278804233
01-Oct-1993,uc_2m,p84,3.4032418265142
01-Jan-1994,uc_2m,p84,3.40920634743293
01-Apr-1994,uc_2m,p84,3.40552621468055
01-Jul-1994,uc_2m,p84,3.42155607269228
01-Oct-1994,uc_2m,p84,3.41766616469249
01-Jan-1995,uc_2m,p84,3.43818564385219
01-Apr-1995,uc_2m,p84,3.47681036817585
01-Jul-1995,uc_2m,p84,3.48916370807751
01-Oct-1995,uc_2m,p84,3.5153229995135
01-Jan-1996,uc_2m,p84,3.53976898564497
01-Apr-1996,uc_2m,p84,3.51758516313248
01-Jul-1996,uc_2m,p84,3.53419700924269
01-Oct-1996,uc_2m,p84,3.53634294675317
01-Jan-1997,uc_2m,p84,3.56256562183057
01-Apr-1997,uc_2m,p84,3.53296020372545
01-Jul-1997,uc_2m,p84,3.52271039234461
01-Oct-1997,uc_2m,p84,3.5229080209258
01-Jan-1998,uc_2m,p84,3.5185375225326
01-Apr-1998,uc_2m,p84,3.50958601880552
01-Jul-1998,uc_2m,p84,3.49551376376394
01-Oct-1998,uc_2m,p84,3.47281394471042
01-Jan-1999,uc_2m,p84,3.45189301720893
01-Apr-1999,uc_2m,p84,3.4255517058798
01-Jul-1999,uc_2m,p84,3.40892220222372
01-Oct-1999,uc_2m,p84,3.40199750510692
01-Jan-2000,uc_2m,p84,3.35641317723685
01-Apr-2000,uc_2m,p84,3.36916166009109
01-Jul-2000,uc_2m,p84,3.30079438392227
01-Oct-2000,uc_2m,p84,3.27165000861123
01-Jan-2001,uc_2m,p84,3.2015604837834
01-Apr-2001,uc_2m,p84,3.17475768966528
01-Jul-2001,uc_2m,p84,3.10878571051148
01-Oct-2001,uc_2m,p84,3.08483502981676
01-Jan-2002,uc_2m,p84,3.07076968594311
01-Apr-2002,uc_2m,p84,3.04710153487486
01-Jul-2002,uc_2m,p84,3.02079345820312
01-Oct-2002,uc_2m,p84,2.99943951833029
01-Jan-2003,uc_2m,p84,2.99145762641706
01-Apr-2003,uc_2m,p84,2.98040778013524
01-Jul-2003,uc_2m,p84,2.97354651091769
01-Oct-2003,uc_2m,p84,2.95722524549274
01-Jan-2004,uc_2m,p84,2.93285390456958
01-Apr-2004,uc_2m,p84,2.91524087132416
01-Jul-2004,uc_2m,p84,2.9001176861675
01-Oct-2004,uc_2m,p84,2.88866553962907
01-Jan-2005,uc_2m,p84,2.88250443897482
01-Apr-2005,uc_2m,p84,2.85047535553804
01-Jul-2005,uc_2m,p84,2.8328428972352
01-Oct-2005,uc_2m,p84,2.80540340187599
01-Jan-2006,uc_2m,p84,2.82632138526856
01-Apr-2006,uc_2m,p84,2.77819972818907
01-Jul-2006,uc_2m,p84,2.73457531997087
01-Oct-2006,uc_2m,p84,2.73425493448258
01-Jan-2007,uc_2m,p84,2.69377638484434
01-Apr-2007,uc_2m,p84,2.67833539203161
01-Jul-2007,uc_2m,p84,2.65742028410477
01-Oct-2007,uc_2m,p84,2.64459527842155
01-Jan-2008,uc_2m,p84,2.57063798086233
01-Apr-2008,uc_2m,p84,2.56450266126808
01-Jul-2008,uc_2m,p84,2.50031806907373
01-Oct-2008,uc_2m,p84,2.40683112699344
01-Jan-2009,uc_2m,p84,2.38676281784547
01-Apr-2009,uc_2m,p84,2.38347264855793
01-Jul-2009,uc_2m,p84,2.38176633077842
01-Oct-2009,uc_2m,p84,2.37695410648098
01-Jan-2010,uc_2m,p84,2.37631147524803
01-Apr-2010,uc_2m,p84,2.37154660906344
01-Jul-2010,uc_2m,p84,2.36836114208631
01-Oct-2010,uc_2m,p84,2.36307605546199
01-Jan-2011,uc_2m,p84,2.36900409846749
01-Apr-2011,uc_2m,p84,2.36820732945671
01-Jul-2011,uc_2m,p84,2.38238143224908
01-Oct-2011,uc_2m,p84,2.37587551297088
01-Jan-2012,uc_2m,p84,2.37393403945907
01-Apr-2012,uc_2m,p84,2.37506940197977
01-Jul-2012,uc_2m,p84,2.38671779480273
01-Oct-2012,uc_2m,p84,2.40528307722343
01-Jan-2013,uc_2m,p84,2.39842494797813
01-Apr-2013,uc_2m,p84,2.4175841718984
01-Jul-2013,uc_2m,p84,2.41655152950352
01-Oct-2013,uc_2m,p84,2.41643501133854
01-Jan-2014,uc_2m,p84,2.46415047610435
01-Apr-2014,uc_2m,p84,2.44087389133733
01-Jul-2014,uc_2m,p84,2.42808987143235
01-Oct-2014,uc_2m,p84,2.43829511212812
01-Jan-2015,uc_2m,p84,2.43399711408824
01-Apr-2015,uc_2m,p84,2.43426747134095
01-Jul-2015,uc_2m,p84,2.44128815666932
01-Oct-2015,uc_2m,p84,2.45548539997117
01-Jan-2016,uc_2m,p84,2.45941593377916
01-Apr-2016,uc_2m,p84,2.4735224312858
01-Jul-2016,uc_2m,p84,2.47645681188146
01-Oct-2016,uc_2m,p84,2.48950651297901
01-Jan-2017,uc_2m,p84,2.49738904062474
01-Apr-2017,uc_2m,p84,2.50677878181432
01-Jul-2017,uc_2m,p84,2.50741282587796
01-Oct-2017,uc_2m,p84,2.50265424524446
01-Jan-2018,uc_2m,p84,2.50194315962017
01-Apr-2018,uc_2m,p84,2.50671982481617
01-Jul-2018,uc_2m,p84,2.50834776890179
01-Oct-2018,uc_2m,p84,2.51319839973826
01-Jan-2019,uc_2m,p84,2.5223848761791
01-Apr-2019,uc_2m,p84,2.52521208166013
01-Jul-2019,uc_2m,p84,2.52956684169294
01-Oct-2019,uc_2m,p84,2.53452746716061
01-Jan-2020,uc_2m,p84,2.54539767673396
01-Apr-2020,uc_2m,p84,3.11703538513052
01-Jul-2020,uc_2m,p84,2.67412331882906
01-Oct-2020,uc_2m,p84,2.72162151872021
01-Jan-2021,uc_2m,p84,2.71713016420722
01-Apr-2021,uc_2m,p84,2.69427998537594
01-Jul-2021,uc_2m,p84,2.70602486506687
01-Oct-2021,uc_2m,p84,2.69259022017582
01-Jan-2022,uc_2m,p84,2.7142194179653
01-Apr-2022,uc_2m,p84,2.73300442428467
01-Jul-2022,uc_2m,p84,2.7434939420541
01-Oct-2022,uc_2m,p84,2.75412094190142
01-Jan-2023,uc_2m,p84,2.76454246571507
01-Apr-2023,uc_2m,p84,2.77671525546953
01-Jul-2023,uc_2m,p84,2.77998621230972
01-Oct-2023,uc_2m,p84,2.79003850169352
01-Jan-2024,uc_2m,p84,2.80066491341972
01-Apr-2024,uc_2m,p84,2.80710244215788
01-Jul-2024,uc_2m,p84,2.81507186360955
01-Oct-2024,uc_2m,p84,2.82507849447052
01-Jan-2025,uc_2m,p84,2.83571664160672
01-Apr-2025,uc_2m,p84,2.85152646041888
01-Jul-2025,uc_2m,p84,2.86722790540762
01-Oct-2025,uc_2m,p84,2.88439846564984
01-Jan-2026,uc_2m,p84,2.89996373394138
01-Apr-2026,uc_2m,p84,2.91616224521817
01-Apr-1947,uc_2m,p95,4.75727040008678
01-Jul-1947,uc_2m,p95,4.70001935808205
01-Oct-1947,uc_2m,p95,4.70331348841478
01-Jan-1948,uc_2m,p95,4.69049806078351
01-Apr-1948,uc_2m,p95,4.68936912501249
01-Jul-1948,uc_2m,p95,4.63592084328184
01-Oct-1948,uc_2m,p95,4.58300272921542
01-Jan-1949,uc_2m,p95,4.59370738049233
01-Apr-1949,uc_2m,p95,4.71150746077751
01-Jul-1949,uc_2m,p95,4.77266190189016
01-Oct-1949,uc_2m,p95,5.1041000099126
01-Jan-1950,uc_2m,p95,4.88774012422436
01-Apr-1950,uc_2m,p95,4.82472087122619
01-Jul-1950,uc_2m,p95,4.77087345455652
01-Oct-1950,uc_2m,p95,4.76500798912502
01-Jan-1951,uc_2m,p95,4.75278315735727
01-Apr-1951,uc_2m,p95,4.76295111733589
01-Jul-1951,uc_2m,p95,4.81142811560608
01-Oct-1951,uc_2m,p95,4.6979697332265
01-Jan-1952,uc_2m,p95,4.68546318715948
01-Apr-1952,uc_2m,p95,4.6039604202615
01-Jul-1952,uc_2m,p95,4.56633617913008
01-Oct-1952,uc_2m,p95,4.76337926990709
01-Jan-1953,uc_2m,p95,4.80049402028862
01-Apr-1953,uc_2m,p95,4.73814925434385
01-Jul-1953,uc_2m,p95,4.56238224651611
01-Oct-1953,uc_2m,p95,4.36168663102603
01-Jan-1954,uc_2m,p95,4.30714324469704
01-Apr-1954,uc_2m,p95,4.29103053170479
01-Jul-1954,uc_2m,p95,4.28944467029419
01-Oct-1954,uc_2m,p95,4.31834736448536
01-Jan-1955,uc_2m,p95,4.41964137093282
01-Apr-1955,uc_2m,p95,4.43853130674006
01-Jul-1955,uc_2m,p95,4.45104271502555
01-Oct-1955,uc_2m,p95,4.40720360873706
01-Jan-1956,uc_2m,p95,4.30254645492641
01-Apr-1956,uc_2m,p95,4.30575591700176
01-Jul-1956,uc_2m,p95,4.24509879442871
01-Oct-1956,uc_2m,p95,4.28609020801036
01-Jan-1957,uc_2m,p95,4.25941013647844
01-Apr-1957,uc_2m,p95,4.20311526415526
01-Jul-1957,uc_2m,p95,4.21011402414479
01-Oct-1957,uc_2m,p95,4.15906246242957
01-Jan-1958,uc_2m,p95,4.24584257768038
01-Apr-1958,uc_2m,p95,4.28763569406419
01-Jul-1958,uc_2m,p95,4.25167235903359
01-Oct-1958,uc_2m,p95,4.24410883981614
01-Jan-1959,uc_2m,p95,4.24835297057803
01-Apr-1959,uc_2m,p95,4.27377264187317
01-Jul-1959,uc_2m,p95,4.2704055008694
01-Oct-1959,uc_2m,p95,4.28366058020697
01-Jan-1960,uc_2m,p95,4.30608715911376
01-Apr-1960,uc_2m,p95,4.31420253869828
01-Jul-1960,uc_2m,p95,4.3445591686268
01-Oct-1960,uc_2m,p95,4.50027095047085
01-Jan-1961,uc_2m,p95,4.58303322856113
01-Apr-1961,uc_2m,p95,4.59387699734998
01-Jul-1961,uc_2m,p95,4.60192980480656
01-Oct-1961,uc_2m,p95,4.59098614247637
01-Jan-1962,uc_2m,p95,4.59708531557635
01-Apr-1962,uc_2m,p95,4.64077315937425
01-Jul-1962,uc_2m,p95,4.67319748595946
01-Oct-1962,uc_2m,p95,4.76486307345954
01-Jan-1963,uc_2m,p95,4.81374722016926
01-Apr-1963,uc_2m,p95,4.86550806236119
01-Jul-1963,uc_2m,p95,4.83061813518293
01-Oct-1963,uc_2m,p95,4.91097516480158
01-Jan-1964,uc_2m,p95,4.8754681056887
01-Apr-1964,uc_2m,p95,4.9059153187211
01-Jul-1964,uc_2m,p95,4.89522594251753
01-Oct-1964,uc_2m,p95,4.96556866151673
01-Jan-1965,uc_2m,p95,4.91200989391405
01-Apr-1965,uc_2m,p95,4.9185274380975
01-Jul-1965,uc_2m,p95,4.90259280612759
01-Oct-1965,uc_2m,p95,4.91350394628944
01-Jan-1966,uc_2m,p95,4.9768158094405
01-Apr-1966,uc_2m,p95,4.86352524998779
01-Jul-1966,uc_2m,p95,4.82743662900612
01-Oct-1966,uc_2m,p95,4.78530204210756
01-Jan-1967,uc_2m,p95,4.75078757334177
01-Apr-1967,uc_2m,p95,4.63806432524984
01-Jul-1967,uc_2m,p95,4.61838268122006
01-Oct-1967,uc_2m,p95,4.57567080479726
01-Jan-1968,uc_2m,p95,4.63834703100133
01-Apr-1968,uc_2m,p95,4.66242257621116
01-Jul-1968,uc_2m,p95,4.60109073185799
01-Oct-1968,uc_2m,p95,4.52254136305874
01-Jan-1969,uc_2m,p95,4.56396250788657
01-Apr-1969,uc_2m,p95,4.45962818654698
01-Jul-1969,uc_2m,p95,4.40765043903707
01-Oct-1969,uc_2m,p95,4.25242934095172
01-Jan-1970,uc_2m,p95,4.17495488028271
01-Apr-1970,uc_2m,p95,4.12372205320435
01-Jul-1970,uc_2m,p95,4.11009950587527
01-Oct-1970,uc_2m,p95,4.04794715171874
01-Jan-1971,uc_2m,p95,4.09233763264319
01-Apr-1971,uc_2m,p95,4.04926361333014
01-Jul-1971,uc_2m,p95,4.03487009288301
01-Oct-1971,uc_2m,p95,4.01758200196377
01-Jan-1972,uc_2m,p95,4.03261828537279
01-Apr-1972,uc_2m,p95,4.08394156570216
01-Jul-1972,uc_2m,p95,4.05596283829618
01-Oct-1972,uc_2m,p95,4.09310748148346
01-Jan-1973,uc_2m,p95,4.21383135976362
01-Apr-1973,uc_2m,p95,4.19303662546463
01-Jul-1973,uc_2m,p95,4.04054993402337
01-Oct-1973,uc_2m,p95,4.05170445212252
01-Jan-1974,uc_2m,p95,3.9039374315837
01-Apr-1974,uc_2m,p95,3.8727158121394
01-Jul-1974,uc_2m,p95,3.77931441360602
01-Oct-1974,uc_2m,p95,3.74597051605247
01-Jan-1975,uc_2m,p95,3.76902597604044
01-Apr-1975,uc_2m,p95,3.78951600465848
01-Jul-1975,uc_2m,p95,3.77350132278934
01-Oct-1975,uc_2m,p95,3.77406624609466
01-Jan-1976,uc_2m,p95,3.76428465152298
01-Apr-1976,uc_2m,p95,3.75984929594824
01-Jul-1976,uc_2m,p95,3.76441237192057
01-Oct-1976,uc_2m,p95,3.777983332551
01-Jan-1977,uc_2m,p95,3.77569424124454
01-Apr-1977,uc_2m,p95,3.7718040663774
01-Jul-1977,uc_2m,p95,3.77643078517872
01-Oct-1977,uc_2m,p95,3.74044025576018
01-Jan-1978,uc_2m,p95,3.74073040624103
01-Apr-1978,uc_2m,p95,3.85655657943676
01-Jul-1978,uc_2m,p95,3.82469191887185
01-Oct-1978,uc_2m,p95,3.85034354266872
01-Jan-1979,uc_2m,p95,3.78451970028436
01-Apr-1979,uc_2m,p95,3.72693457451896
01-Jul-1979,uc_2m,p95,3.72139319779558
01-Oct-1979,uc_2m,p95,3.67814642390726
01-Jan-1980,uc_2m,p95,3.64470307598481
01-Apr-1980,uc_2m,p95,3.55168847536083
01-Jul-1980,uc_2m,p95,3.54697041102463
01-Oct-1980,uc_2m,p95,3.56483973642162
01-Jan-1981,uc_2m,p95,3.59101659960493
01-Apr-1981,uc_2m,p95,3.5440245146865
01-Jul-1981,uc_2m,p95,3.55510027806281
01-Oct-1981,uc_2m,p95,3.53449488658566
01-Jan-1982,uc_2m,p95,3.60240883601887
01-Apr-1982,uc_2m,p95,3.63602677679819
01-Jul-1982,uc_2m,p95,3.76699968299295
01-Oct-1982,uc_2m,p95,3.91311854670107
01-Jan-1983,uc_2m,p95,3.95504477587679
01-Apr-1983,uc_2m,p95,3.91442195348031
01-Jul-1983,uc_2m,p95,3.90020249726399
01-Oct-1983,uc_2m,p95,3.86025791078919
01-Jan-1984,uc_2m,p95,3.83335450564232
01-Apr-1984,uc_2m,p95,3.81625754136303
01-Jul-1984,uc_2m,p95,3.82169558390615
01-Oct-1984,uc_2m,p95,3.82941220257089
01-Jan-1985,uc_2m,p95,3.82188888837345
01-Apr-1985,uc_2m,p95,3.83081333535233
01-Jul-1985,uc_2m,p95,3.8300492048304
01-Oct-1985,uc_2m,p95,3.82721612985006
01-Jan-1986,uc_2m,p95,3.82077419617667
01-Apr-1986,uc_2m,p95,3.80921917953719
01-Jul-1986,uc_2m,p95,3.81333709179307
01-Oct-1986,uc_2m,p95,3.79640130354619
01-Jan-1987,uc_2m,p95,3.80103748655006
01-Apr-1987,uc_2m,p95,3.79081866319552
01-Jul-1987,uc_2m,p95,3.79613618481926
01-Oct-1987,uc_2m,p95,3.81013500854306
01-Jan-1988,uc_2m,p95,3.78212939335299
01-Apr-1988,uc_2m,p95,3.80102993193645
01-Jul-1988,uc_2m,p95,3.77325084721087
01-Oct-1988,uc_2m,p95,3.79792963531577
01-Jan-1989,uc_2m,p95,3.78956105489533
01-Apr-1989,uc_2m,p95,3.77717809182468
01-Jul-1989,uc_2m,p95,3.76035870670444
01-Oct-1989,uc_2m,p95,3.70695168522775
01-Jan-1990,uc_2m,p95,3.73223771770927
01-Apr-1990,uc_2m,p95,3.69261777871679
01-Jul-1990,uc_2m,p95,3.63843152374011
01-Oct-1990,uc_2m,p95,3.57251117843725
01-Jan-1991,uc_2m,p95,3.56325128443268
01-Apr-1991,uc_2m,p95,3.57415447240305
01-Jul-1991,uc_2m,p95,3.58363944460029
01-Oct-1991,uc_2m,p95,3.59515329232704
01-Jan-1992,uc_2m,p95,3.6071934372228
01-Apr-1992,uc_2m,p95,3.61698552645316
01-Jul-1992,uc_2m,p95,3.61748814508587
01-Oct-1992,uc_2m,p95,3.63325199861833
01-Jan-1993,uc_2m,p95,3.64322879601923
01-Apr-1993,uc_2m,p95,3.66096873302968
01-Jul-1993,uc_2m,p95,3.68389385192427
01-Oct-1993,uc_2m,p95,3.68933384352886
01-Jan-1994,uc_2m,p95,3.69830215576053
01-Apr-1994,uc_2m,p95,3.70882455099763
01-Jul-1994,uc_2m,p95,3.71322335488185
01-Oct-1994,uc_2m,p95,3.72392585110197
01-Jan-1995,uc_2m,p95,3.73865479161168
01-Apr-1995,uc_2m,p95,3.77353125635136
01-Jul-1995,uc_2m,p95,3.78638738006839
01-Oct-1995,uc_2m,p95,3.81698650462135
01-Jan-1996,uc_2m,p95,3.85744749749529
01-Apr-1996,uc_2m,p95,3.83989140704739
01-Jul-1996,uc_2m,p95,3.85650674734666
01-Oct-1996,uc_2m,p95,3.87110949691032
01-Jan-1997,uc_2m,p95,3.90524130543736
01-Apr-1997,uc_2m,p95,3.88072080501775
01-Jul-1997,uc_2m,p95,3.87391040428861
01-Oct-1997,uc_2m,p95,3.86636565130152
01-Jan-1998,uc_2m,p95,3.86347042512534
01-Apr-1998,uc_2m,p95,3.86393683963615
01-Jul-1998,uc_2m,p95,3.86264260544408
01-Oct-1998,uc_2m,p95,3.86194985778889
01-Jan-1999,uc_2m,p95,3.83515544602051
01-Apr-1999,uc_2m,p95,3.81436964900354
01-Jul-1999,uc_2m,p95,3.81937126176535
01-Oct-1999,uc_2m,p95,3.86395265965189
01-Jan-2000,uc_2m,p95,3.77431877016784
01-Apr-2000,uc_2m,p95,3.8508094791232
01-Jul-2000,uc_2m,p95,3.73655328780774
01-Oct-2000,uc_2m,p95,3.70095581821329
01-Jan-2001,uc_2m,p95,3.56943548928757
01-Apr-2001,uc_2m,p95,3.53885080848409
01-Jul-2001,uc_2m,p95,3.4231909879777
01-Oct-2001,uc_2m,p95,3.38776134313525
01-Jan-2002,uc_2m,p95,3.37158598842848
01-Apr-2002,uc_2m,p95,3.34152127038897
01-Jul-2002,uc_2m,p95,3.31009798298373
01-Oct-2002,uc_2m,p95,3.27106983722456
01-Jan-2003,uc_2m,p95,3.25940600294302
01-Apr-2003,uc_2m,p95,3.24895699271315
01-Jul-2003,uc_2m,p95,3.26928267618473
01-Oct-2003,uc_2m,p95,3.26564527904793
01-Jan-2004,uc_2m,p95,3.22707719218329
01-Apr-2004,uc_2m,p95,3.2107257945122
01-Jul-2004,uc_2m,p95,3.20612156228867
01-Oct-2004,uc_2m,p95,3.20745475129684
01-Jan-2005,uc_2m,p95,3.21286964818069
01-Apr-2005,uc_2m,p95,3.16563505426734
01-Jul-2005,uc_2m,p95,3.15946453597326
01-Oct-2005,uc_2m,p95,3.12822311706486
01-Jan-2006,uc_2m,p95,3.17332148908326
01-Apr-2006,uc_2m,p95,3.10756361802919
01-Jul-2006,uc_2m,p95,3.04762882219302
01-Oct-2006,uc_2m,p95,3.05674289457966
01-Jan-2007,uc_2m,p95,3.00276300301584
01-Apr-2007,uc_2m,p95,2.98627650812796
01-Jul-2007,uc_2m,p95,2.97097467811955
01-Oct-2007,uc_2m,p95,2.95584976860482
01-Jan-2008,uc_2m,p95,2.8619887389541
01-Apr-2008,uc_2m,p95,2.85605280843129
01-Jul-2008,uc_2m,p95,2.77216280402718
01-Oct-2008,uc_2m,p95,2.64880978223391
01-Jan-2009,uc_2m,p95,2.6177334442516
01-Apr-2009,uc_2m,p95,2.60800480181592
01-Jul-2009,uc_2m,p95,2.61012865924704
01-Oct-2009,uc_2m,p95,2.60706862361258
01-Jan-2010,uc_2m,p95,2.6016833104984
01-Apr-2010,uc_2m,p95,2.60221776267349
01-Jul-2010,uc_2m,p95,2.59809100767848
01-Oct-2010,uc_2m,p95,2.59459477689393
01-Jan-2011,uc_2m,p95,2.59636012081455
01-Apr-2011,uc_2m,p95,2.59662027145328
01-Jul-2011,uc_2m,p95,2.608003342948
01-Oct-2011,uc_2m,p95,2.60509231070751
01-Jan-2012,uc_2m,p95,2.60525266047102
01-Apr-2012,uc_2m,p95,2.61438002867794
01-Jul-2012,uc_2m,p95,2.62172773778047
01-Oct-2012,uc_2m,p95,2.63539488034735
01-Jan-2013,uc_2m,p95,2.6356340191287
01-Apr-2013,uc_2m,p95,2.65576731966371
01-Jul-2013,uc_2m,p95,2.6603997778584
01-Oct-2013,uc_2m,p95,2.66063292165063
01-Jan-2014,uc_2m,p95,2.70091314335264
01-Apr-2014,uc_2m,p95,2.69201159712225
01-Jul-2014,uc_2m,p95,2.68092909775237
01-Oct-2014,uc_2m,p95,2.69277840341874
01-Jan-2015,uc_2m,p95,2.69233521863612
01-Apr-2015,uc_2m,p95,2.69942784149293
01-Jul-2015,uc_2m,p95,2.71194130396975
01-Oct-2015,uc_2m,p95,2.7230554455582
01-Jan-2016,uc_2m,p95,2.7266192031127
01-Apr-2016,uc_2m,p95,2.73416969314349
01-Jul-2016,uc_2m,p95,2.74450160885362
01-Oct-2016,uc_2m,p95,2.75219364316445
01-Jan-2017,uc_2m,p95,2.76342724765709
01-Apr-2017,uc_2m,p95,2.77498406045993
01-Jul-2017,uc_2m,p95,2.77633518364701
01-Oct-2017,uc_2m,p95,2.78113690530449
01-Jan-2018,uc_2m,p95,2.79099962804844
01-Apr-2018,uc_2m,p95,2.79695887711773
01-Jul-2018,uc_2m,p95,2.80063536033072
01-Oct-2018,uc_2m,p95,2.80854518766273
01-Jan-2019,uc_2m,p95,2.81354100759881
01-Apr-2019,uc_2m,p95,2.82856499002537
01-Jul-2019,uc_2m,p95,2.84802823901964
01-Oct-2019,uc_2m,p95,2.86089985837862
01-Jan-2020,uc_2m,p95,2.83398007134815
01-Apr-2020,uc_2m,p95,3.64581482029712
01-Jul-2020,uc_2m,p95,2.96048928100299
01-Oct-2020,uc_2m,p95,3.01363276609322
01-Jan-2021,uc_2m,p95,3.01658635303215
01-Apr-2021,uc_2m,p95,3.00627251534775
01-Jul-2021,uc_2m,p95,3.02113070299515
01-Oct-2021,uc_2m,p95,3.042253099562
01-Jan-2022,uc_2m,p95,3.03310964867114
01-Apr-2022,uc_2m,p95,3.05764140598853
01-Jul-2022,uc_2m,p95,3.07132325569046
01-Oct-2022,uc_2m,p95,3.09087837924312
01-Jan-2023,uc_2m,p95,3.10974785111216
01-Apr-2023,uc_2m,p95,3.1285842780519
01-Jul-2023,uc_2m,p95,3.14949101820525
01-Oct-2023,uc_2m,p95,3.16750040528609
01-Jan-2024,uc_2m,p95,3.17561811109204
01-Apr-2024,uc_2m,p95,3.19953115663316
01-Jul-2024,uc_2m,p95,3.2221088100755
01-Oct-2024,uc_2m,p95,3.23816415610986
01-Jan-2025,uc_2m,p95,3.26904483398266
01-Apr-2025,uc_2m,p95,3.29276721271412
01-Jul-2025,uc_2m,p95,3.31511850583479
01-Oct-2025,uc_2m,p95,3.34495474485379
01-Jan-2026,uc_2m,p95,3.38503290885046
01-Apr-2026,uc_2m,p95,3.43324080377261
